-- phpMyAdmin SQL Dump
-- version 4.1.14
-- http://www.phpmyadmin.net
--
-- Client :  127.0.0.1
-- Généré le :  Mer 15 Juin 2016 à 14:04
-- Version du serveur :  5.6.17
-- Version de PHP :  5.5.12

SET SQL_MODE = "NO_AUTO_VALUE_ON_ZERO";
SET time_zone = "+00:00";


/*!40101 SET @OLD_CHARACTER_SET_CLIENT=@@CHARACTER_SET_CLIENT */;
/*!40101 SET @OLD_CHARACTER_SET_RESULTS=@@CHARACTER_SET_RESULTS */;
/*!40101 SET @OLD_COLLATION_CONNECTION=@@COLLATION_CONNECTION */;
/*!40101 SET NAMES utf8 */;

--
-- Base de données :  `gestion`
--

-- --------------------------------------------------------

--
-- Structure de la table `appro`
--

CREATE TABLE IF NOT EXISTS `appro` (
  `id` int(10) NOT NULL AUTO_INCREMENT,
  `id_fournisseur` int(3) NOT NULL,
  `date_commande` date NOT NULL,
  `type_produit` int(2) NOT NULL,
  PRIMARY KEY (`id`)
) ENGINE=InnoDB  DEFAULT CHARSET=latin1 AUTO_INCREMENT=70 ;

--
-- Contenu de la table `appro`
--

INSERT INTO `appro` (`id`, `id_fournisseur`, `date_commande`, `type_produit`) VALUES
(6, 6, '2015-12-16', 3),
(7, 6, '2015-12-16', 3),
(14, 6, '2016-01-13', 3),
(16, 6, '2016-01-14', 3),
(28, 4, '2016-02-12', 4),
(39, 6, '2016-03-11', 3),
(41, 6, '2016-03-11', 3),
(42, 7, '2016-03-11', 2),
(43, 5, '2016-03-11', 2),
(44, 7, '2016-03-11', 2),
(62, 6, '2016-03-17', 3),
(68, 6, '2016-04-22', 3),
(69, 6, '2016-04-22', 3);

-- --------------------------------------------------------

--
-- Structure de la table `appro_autre`
--

CREATE TABLE IF NOT EXISTS `appro_autre` (
  `id` int(10) NOT NULL AUTO_INCREMENT,
  `id_commande` int(10) NOT NULL,
  `id_autre` int(10) NOT NULL,
  `quantite` int(10) NOT NULL,
  PRIMARY KEY (`id`)
) ENGINE=InnoDB  DEFAULT CHARSET=latin1 AUTO_INCREMENT=2 ;

--
-- Contenu de la table `appro_autre`
--

INSERT INTO `appro_autre` (`id`, `id_commande`, `id_autre`, `quantite`) VALUES
(1, 28, 2, 10);

-- --------------------------------------------------------

--
-- Structure de la table `appro_composant`
--

CREATE TABLE IF NOT EXISTS `appro_composant` (
  `id` int(11) NOT NULL AUTO_INCREMENT,
  `id_commande` int(11) NOT NULL,
  `id_produit` int(11) NOT NULL,
  `quantite` int(11) NOT NULL,
  PRIMARY KEY (`id`)
) ENGINE=InnoDB DEFAULT CHARSET=latin1 AUTO_INCREMENT=1 ;

-- --------------------------------------------------------

--
-- Structure de la table `appro_identifiant`
--

CREATE TABLE IF NOT EXISTS `appro_identifiant` (
  `id` int(11) NOT NULL AUTO_INCREMENT,
  `id_commande` int(10) NOT NULL,
  `id_identifiant` int(3) NOT NULL,
  `quantite` int(5) NOT NULL,
  PRIMARY KEY (`id`)
) ENGINE=InnoDB  DEFAULT CHARSET=latin1 AUTO_INCREMENT=23 ;

--
-- Contenu de la table `appro_identifiant`
--

INSERT INTO `appro_identifiant` (`id`, `id_commande`, `id_identifiant`, `quantite`) VALUES
(17, 42, 2, 5000),
(18, 43, 1, 1000),
(19, 44, 1, 1000),
(20, 44, 2, 100),
(21, 58, 1, 1000),
(22, 58, 2, 100);

-- --------------------------------------------------------

--
-- Structure de la table `appro_lecteur`
--

CREATE TABLE IF NOT EXISTS `appro_lecteur` (
  `id` int(11) NOT NULL AUTO_INCREMENT,
  `id_commande` int(10) NOT NULL,
  `id_lecteur` int(3) NOT NULL,
  `quantite` int(5) NOT NULL,
  PRIMARY KEY (`id`)
) ENGINE=InnoDB  DEFAULT CHARSET=latin1 AUTO_INCREMENT=19 ;

--
-- Contenu de la table `appro_lecteur`
--

INSERT INTO `appro_lecteur` (`id`, `id_commande`, `id_lecteur`, `quantite`) VALUES
(1, 6, 4, 20),
(2, 6, 3, 10),
(3, 7, 3, 5),
(4, 6, 4, 50),
(5, 14, 4, 10),
(6, 16, 3, 10),
(7, 16, 4, 50),
(9, 39, 1, 1000),
(10, 41, 1, 10),
(11, 41, 2, 20),
(18, 62, 1, 6);

-- --------------------------------------------------------

--
-- Structure de la table `attente_assemblage`
--

CREATE TABLE IF NOT EXISTS `attente_assemblage` (
  `id` int(10) NOT NULL AUTO_INCREMENT,
  `num_serie` varchar(8) NOT NULL,
  `id_version_nomenclature` int(3) NOT NULL,
  `id_version_fiche_descriptive` int(4) NOT NULL,
  `num_serie_produit_fini` varchar(10) NOT NULL,
  `id_firmware` int(5) NOT NULL,
  `date_prod` date NOT NULL,
  `date_test` date NOT NULL,
  PRIMARY KEY (`id`)
) ENGINE=InnoDB DEFAULT CHARSET=latin1 AUTO_INCREMENT=1 ;

-- --------------------------------------------------------

--
-- Structure de la table `autre`
--

CREATE TABLE IF NOT EXISTS `autre` (
  `id` int(10) NOT NULL AUTO_INCREMENT,
  `reference` varchar(150) NOT NULL,
  `designation` text NOT NULL,
  `id_fournisseur` int(10) NOT NULL,
  `type` int(10) NOT NULL,
  `petite` int(2) NOT NULL,
  `moyenne` int(2) NOT NULL,
  `grande` int(2) NOT NULL,
  PRIMARY KEY (`id`)
) ENGINE=InnoDB  DEFAULT CHARSET=latin1 AUTO_INCREMENT=3 ;

--
-- Contenu de la table `autre`
--

INSERT INTO `autre` (`id`, `reference`, `designation`, `id_fournisseur`, `type`, `petite`, `moyenne`, `grande`) VALUES
(1, 'AXB568KJL', 'Imprimante', 4, 1, 1, 1, 0),
(2, 'BDGFT58PL', 'Tablette tactile', 4, 2, 2, 0, 1);

-- --------------------------------------------------------

--
-- Structure de la table `badge_fournisseur`
--

CREATE TABLE IF NOT EXISTS `badge_fournisseur` (
  `id` int(10) NOT NULL AUTO_INCREMENT,
  `reference` varchar(255) NOT NULL,
  `id_type_badge` int(3) NOT NULL,
  `id_fournisseur` int(3) NOT NULL,
  `prix` float NOT NULL,
  PRIMARY KEY (`id`),
  KEY `id` (`id`)
) ENGINE=InnoDB  DEFAULT CHARSET=latin1 AUTO_INCREMENT=7 ;

--
-- Contenu de la table `badge_fournisseur`
--

INSERT INTO `badge_fournisseur` (`id`, `reference`, `id_type_badge`, `id_fournisseur`, `prix`) VALUES
(2, 'HAHA', 1, 7, 100),
(3, 'jkl;kjggkj', 2, 7, 10),
(5, 'jkl;kjggkj', 4, 5, 10),
(6, 'jkl;kjggkj', 1, 5, 10);

-- --------------------------------------------------------

--
-- Structure de la table `carte_hs`
--

CREATE TABLE IF NOT EXISTS `carte_hs` (
  `id` int(10) NOT NULL AUTO_INCREMENT,
  `id_lot` int(10) NOT NULL,
  `quantite` int(4) NOT NULL,
  PRIMARY KEY (`id`)
) ENGINE=InnoDB DEFAULT CHARSET=latin1 AUTO_INCREMENT=1 ;

-- --------------------------------------------------------

--
-- Structure de la table `carte_test`
--

CREATE TABLE IF NOT EXISTS `carte_test` (
  `id` int(10) NOT NULL AUTO_INCREMENT,
  `num_serie` varchar(8) NOT NULL,
  `num_serie_produit_fini` varchar(10) NOT NULL,
  `id_lot` int(10) NOT NULL,
  `etape` smallint(2) NOT NULL,
  `assemble` tinyint(1) NOT NULL,
  `id_firmware` int(5) NOT NULL,
  PRIMARY KEY (`id`)
) ENGINE=InnoDB  DEFAULT CHARSET=latin1 AUTO_INCREMENT=9672 ;

--
-- Contenu de la table `carte_test`
--

INSERT INTO `carte_test` (`id`, `num_serie`, `num_serie_produit_fini`, `id_lot`, `etape`, `assemble`, `id_firmware`) VALUES
(8541, '18521118', '', 30, 2, 0, 0),
(8543, '38851928', '', 30, 1, 0, 0),
(8544, '67846679', '', 30, 1, 0, 0),
(8545, '95462036', '', 30, 1, 0, 0),
(8546, '28973388', '', 30, 1, 0, 0),
(8547, '36398315', '', 30, 1, 0, 0),
(8548, '06652832', '', 30, 1, 0, 0),
(8549, '06582641', '', 30, 1, 0, 0),
(8550, '97369384', '', 30, 1, 0, 0),
(8551, '22811889', '', 30, 1, 0, 0),
(8552, '31982421', '', 30, 1, 0, 0),
(8554, '50726318', '', 30, 1, 0, 0),
(8555, '69967651', '', 30, 2, 0, 0),
(8556, '78210449', '', 30, 1, 0, 0),
(8557, '68862915', '', 30, 1, 0, 0),
(8558, '98419189', '', 30, 1, 0, 0),
(8559, '99740600', '', 30, 1, 0, 0),
(8560, '29711914', '', 30, 1, 0, 0),
(8561, '63772583', '', 30, 1, 0, 0),
(8562, '99822998', '', 30, 1, 0, 0),
(8563, '84005737', '', 30, 1, 0, 0),
(8564, '20861816', '', 30, 1, 0, 0),
(8565, '80361938', '', 30, 1, 0, 0),
(8566, '64312744', '', 30, 2, 0, 0),
(8567, '44638061', '', 30, 1, 0, 0),
(8568, '36035156', '', 30, 1, 0, 0),
(8569, '15505981', '', 30, 1, 0, 0),
(8570, '51263427', '', 30, 1, 0, 0),
(8571, '53512573', '', 30, 1, 0, 0),
(8573, '16079711', '', 30, 1, 0, 0),
(8574, '70050048', '', 30, 1, 0, 0),
(8575, '32504272', '', 30, 1, 0, 0),
(8576, '25952148', '', 30, 1, 0, 0),
(8577, '78958129', '', 30, 1, 0, 0),
(8578, '80047607', '', 30, 1, 0, 0),
(8579, '53488159', '', 30, 1, 0, 0),
(8580, '19445800', '', 30, 1, 0, 0),
(8581, '51016235', '', 30, 1, 0, 0),
(8582, '90631103', '', 30, 1, 0, 0),
(8583, '38339233', '', 30, 1, 0, 0),
(8584, '74462890', '', 30, 1, 0, 0),
(8585, '29129028', '', 30, 1, 0, 0),
(8586, '61175537', '', 30, 1, 0, 0),
(8587, '58932495', '', 30, 1, 0, 0),
(8588, '25378417', '', 30, 1, 0, 0),
(8589, '60171508', '', 30, 1, 0, 0),
(8591, '37142944', '', 30, 1, 0, 0),
(8592, '56567382', '', 30, 1, 0, 0),
(8593, '41018676', '', 30, 1, 0, 0),
(8594, '69647216', '', 30, 1, 0, 0),
(8595, '44845581', '', 30, 1, 0, 0),
(8597, '18545532', '', 30, 1, 0, 0),
(8598, '76324462', '', 30, 1, 0, 0),
(8599, '03915405', '', 30, 3, 0, 0),
(8600, '47265625', '', 30, 1, 0, 0),
(8601, '89627075', '', 30, 1, 0, 0),
(8602, '80462646', '', 30, 1, 0, 0),
(8603, '86227416', '', 30, 1, 0, 0),
(8604, '25524902', '', 30, 1, 0, 0),
(8606, '91436767', '', 30, 1, 0, 0),
(8607, '13656616', '', 30, 1, 0, 0),
(8609, '49954223', '', 30, 1, 0, 0),
(8610, '68621826', '', 30, 1, 0, 0),
(8611, '58078002', '', 30, 1, 0, 0),
(8612, '69738769', '', 30, 1, 0, 0),
(8613, '82949829', '', 30, 1, 0, 0),
(8614, '21392822', '', 30, 1, 0, 0),
(8615, '41366577', '', 30, 1, 0, 0),
(8616, '54443359', '', 30, 1, 0, 0),
(8617, '97000122', '', 30, 1, 0, 0),
(8619, '35397338', '', 30, 1, 0, 0),
(8620, '10046386', '', 30, 1, 0, 0),
(8621, '38980102', '', 30, 1, 0, 0),
(8622, '41192626', '', 30, 1, 0, 0),
(8623, '62045288', '', 30, 1, 0, 0),
(8624, '20922851', '', 30, 1, 0, 0),
(8625, '05764770', '', 30, 3, 0, 0),
(8626, '76971435', '', 30, 1, 0, 0),
(8627, '93185424', '', 30, 1, 0, 0),
(8629, '44229125', '', 30, 1, 0, 0),
(8630, '25836181', '', 30, 1, 0, 0),
(8631, '50692749', '', 30, 1, 0, 0),
(8632, '95996093', '', 30, 1, 0, 0),
(8633, '51248168', '', 30, 1, 0, 0),
(8634, '47161865', '', 30, 1, 0, 0),
(8635, '06442260', '', 30, 1, 0, 0),
(8636, '78942871', '', 30, 1, 0, 0),
(8637, '73696899', '', 30, 1, 0, 0),
(8638, '50323486', '', 30, 1, 0, 0),
(8639, '82308959', '', 30, 1, 0, 0),
(8640, '54663085', '', 30, 1, 0, 0),
(8641, '86975097', '', 31, 0, 0, 0),
(8642, '36709594', '', 31, 0, 0, 0),
(8643, '56207275', '', 31, 0, 0, 0),
(8644, '11141967', '', 31, 0, 0, 0),
(8645, '34960937', '', 31, 0, 0, 0),
(8646, '48416137', '', 31, 0, 0, 0),
(8647, '88470458', '', 31, 0, 0, 0),
(8648, '59078979', '', 31, 0, 0, 0),
(8649, '66345214', '', 31, 0, 0, 0),
(8650, '50552368', '', 31, 0, 0, 0),
(8651, '77569580', '', 31, 0, 0, 0),
(8652, '02133178', '', 31, 0, 0, 0),
(8653, '65502929', '', 31, 0, 0, 0),
(8654, '39993286', '', 31, 0, 0, 0),
(8655, '82879638', '', 31, 0, 0, 0),
(8656, '12179565', '', 31, 0, 0, 0),
(8657, '66809082', '', 31, 0, 0, 0),
(8658, '63613891', '', 31, 0, 0, 0),
(8659, '13775634', '', 31, 0, 0, 0),
(8660, '11093139', '', 31, 0, 0, 0),
(8661, '54638671', '', 31, 0, 0, 0),
(8662, '18289184', '', 31, 0, 0, 0),
(8663, '29632568', '', 31, 0, 0, 0),
(8664, '70748901', '', 31, 0, 0, 0),
(8665, '63366699', '', 31, 0, 0, 0),
(8666, '50894165', '', 31, 0, 0, 0),
(8667, '39825439', '', 31, 0, 0, 0),
(8668, '13021850', '', 31, 0, 0, 0),
(8669, '77368164', '', 31, 0, 0, 0),
(8670, '58303833', '', 31, 0, 0, 0),
(8671, '03729248', '', 31, 0, 0, 0),
(8672, '09786987', '', 31, 0, 0, 0),
(8673, '31018066', '', 31, 0, 0, 0),
(8674, '87393188', '', 31, 0, 0, 0),
(8675, '30718994', '', 31, 0, 0, 0),
(8676, '82919311', '', 31, 0, 0, 0),
(8677, '08691406', '', 31, 0, 0, 0),
(8678, '35037231', '', 31, 0, 0, 0),
(8679, '80169677', '', 31, 0, 0, 0),
(8680, '04293823', '', 31, 0, 0, 0),
(8681, '44763183', '', 31, 0, 0, 0),
(8682, '48110961', '', 31, 0, 0, 0),
(8683, '61456298', '', 31, 0, 0, 0),
(8684, '95785522', '', 31, 0, 0, 0),
(8685, '23608398', '', 31, 0, 0, 0),
(8686, '23489379', '', 31, 0, 0, 0),
(8687, '33953857', '', 31, 0, 0, 0),
(8688, '29269409', '', 31, 0, 0, 0),
(8689, '79602050', '', 31, 0, 0, 0),
(8690, '08047485', '', 31, 0, 0, 0),
(8691, '07037353', '', 31, 0, 0, 0),
(8692, '26620483', '', 31, 0, 0, 0),
(8693, '97119140', '', 31, 0, 0, 0),
(8694, '98660278', '', 31, 0, 0, 0),
(8695, '40081787', '', 31, 0, 0, 0),
(8696, '59713745', '', 31, 0, 0, 0),
(8697, '10534667', '', 31, 0, 0, 0),
(8698, '42202758', '', 31, 0, 0, 0),
(8699, '42462158', '', 31, 0, 0, 0),
(8700, '50424194', '', 31, 0, 0, 0),
(8701, '04223632', '', 31, 0, 0, 0),
(8702, '35549926', '', 31, 0, 0, 0),
(8703, '73553466', '', 31, 0, 0, 0),
(8704, '70626831', '', 31, 0, 0, 0),
(8705, '12561035', '', 31, 0, 0, 0),
(8706, '25576782', '', 31, 0, 0, 0),
(8707, '42730712', '', 31, 0, 0, 0),
(8708, '42196655', '', 31, 0, 0, 0),
(8709, '19921875', '', 31, 0, 0, 0),
(8710, '09158325', '', 31, 0, 0, 0),
(8711, '09368896', '', 31, 0, 0, 0),
(8712, '37008666', '', 31, 0, 0, 0),
(8713, '60681152', '', 31, 0, 0, 0),
(8714, '33169555', '', 31, 0, 0, 0),
(8715, '82843017', '', 31, 0, 0, 0),
(8716, '76937866', '', 31, 0, 0, 0),
(8717, '19213867', '', 31, 0, 0, 0),
(8718, '94485473', '', 31, 0, 0, 0),
(8719, '22528076', '', 31, 0, 0, 0),
(8720, '33859252', '', 31, 0, 0, 0),
(8721, '29895019', '', 31, 0, 0, 0),
(8722, '39981079', '', 31, 0, 0, 0),
(8723, '37799072', '', 31, 0, 0, 0),
(8724, '29647827', '', 31, 0, 0, 0),
(8725, '77099609', '', 31, 0, 0, 0),
(8726, '66531372', '', 31, 0, 0, 0),
(8727, '88031005', '', 31, 0, 0, 0),
(8728, '36178588', '', 31, 0, 0, 0),
(8729, '95202636', '', 31, 0, 0, 0),
(8730, '21011352', '', 31, 0, 0, 0),
(8731, '82598876', '', 31, 0, 0, 0),
(8732, '75326538', '', 31, 0, 0, 0),
(8733, '68579101', '', 31, 0, 0, 0),
(8734, '00296020', '', 31, 0, 0, 0),
(8735, '80877685', '', 31, 0, 0, 0),
(8736, '18966674', '', 31, 0, 0, 0),
(8737, '31604003', '', 31, 0, 0, 0),
(8738, '51260375', '', 31, 0, 0, 0),
(8739, '92242431', '', 31, 0, 0, 0),
(8740, '88973999', '', 31, 0, 0, 0),
(8741, '68652343', '', 31, 0, 0, 0),
(8742, '70779418', '', 31, 0, 0, 0),
(8743, '76068115', '', 31, 0, 0, 0),
(8744, '57223510', '', 31, 0, 0, 0),
(8745, '14099121', '', 31, 0, 0, 0),
(8746, '05728149', '', 31, 0, 0, 0),
(8747, '41729736', '', 31, 0, 0, 0),
(8748, '45590209', '', 31, 0, 0, 0),
(8749, '52319335', '', 31, 0, 0, 0),
(8750, '52981567', '', 31, 0, 0, 0),
(8751, '48602294', '', 31, 0, 0, 0),
(8752, '25949096', '', 31, 0, 0, 0),
(8753, '17687988', '', 31, 0, 0, 0),
(8754, '59414672', '', 31, 0, 0, 0),
(8755, '06060791', '', 31, 0, 0, 0),
(8756, '20175170', '', 31, 0, 0, 0),
(8757, '94580078', '', 31, 0, 0, 0),
(8758, '21902465', '', 31, 0, 0, 0),
(8759, '73480224', '', 31, 0, 0, 0),
(8760, '00143432', '', 31, 0, 0, 0),
(8761, '17370605', '', 31, 0, 0, 0),
(8762, '87319946', '', 31, 0, 0, 0),
(8763, '60235595', '', 31, 0, 0, 0),
(8764, '87728881', '', 31, 0, 0, 0),
(8765, '70434570', '', 31, 0, 0, 0),
(8766, '52542114', '', 31, 0, 0, 0),
(8767, '25701904', '', 31, 0, 0, 0),
(8768, '54806518', '', 31, 0, 0, 0),
(8769, '88146972', '', 31, 0, 0, 0),
(8770, '64443969', '', 31, 0, 0, 0),
(8771, '79254150', '', 31, 0, 0, 0),
(8772, '23251342', '', 31, 0, 0, 0),
(8773, '54882812', '', 31, 0, 0, 0),
(8774, '19900512', '', 31, 0, 0, 0),
(8775, '80267333', '', 31, 0, 0, 0),
(8776, '64938354', '', 31, 0, 0, 0),
(8777, '05017089', '', 31, 0, 0, 0),
(8778, '65786743', '', 31, 0, 0, 0),
(8779, '38116455', '', 31, 0, 0, 0),
(8780, '01742553', '', 31, 0, 0, 0),
(8781, '22924804', '', 31, 0, 0, 0),
(8782, '98977661', '', 31, 0, 0, 0),
(8783, '12176513', '', 31, 0, 0, 0),
(8784, '05538940', '', 31, 0, 0, 0),
(8785, '42980957', '', 31, 0, 0, 0),
(8786, '66348266', '', 31, 0, 0, 0),
(8787, '11822509', '', 31, 0, 0, 0),
(8788, '98202514', '', 31, 0, 0, 0),
(8789, '49560546', '', 31, 0, 0, 0),
(8790, '64773559', '', 31, 0, 0, 0),
(8791, '96429443', '', 31, 0, 0, 0),
(8792, '51608276', '', 31, 0, 0, 0),
(8793, '77038574', '', 31, 0, 0, 0),
(8794, '41128540', '', 31, 0, 0, 0),
(8795, '75372314', '', 31, 0, 0, 0),
(8796, '87631225', '', 31, 0, 0, 0),
(8797, '09790039', '', 31, 0, 0, 0),
(8798, '92288208', '', 31, 0, 0, 0),
(8799, '08026123', '', 31, 0, 0, 0),
(8800, '78146362', '', 31, 0, 0, 0),
(8801, '82189941', '', 31, 0, 0, 0),
(8802, '65127563', '', 31, 0, 0, 0),
(8803, '03765869', '', 31, 0, 0, 0),
(8804, '45028686', '', 31, 0, 0, 0),
(8805, '78613281', '', 31, 0, 0, 0),
(8806, '56521606', '', 31, 0, 0, 0),
(8807, '21966552', '', 31, 0, 0, 0),
(8808, '60153198', '', 31, 0, 0, 0),
(8809, '33435058', '', 31, 0, 0, 0),
(8810, '13345336', '', 31, 0, 0, 0),
(8811, '72003173', '', 31, 0, 0, 0),
(8812, '45394897', '', 31, 0, 0, 0),
(8813, '31030273', '', 31, 0, 0, 0),
(8814, '32473754', '', 31, 0, 0, 0),
(8815, '13250732', '', 31, 0, 0, 0),
(8816, '72628784', '', 31, 0, 0, 0),
(8817, '05773925', '', 31, 0, 0, 0),
(8818, '60781860', '', 31, 0, 0, 0),
(8819, '55084228', '', 31, 0, 0, 0),
(8820, '63729858', '', 31, 0, 0, 0),
(8821, '42041015', '', 31, 0, 0, 0),
(8822, '95144653', '', 31, 0, 0, 0),
(8823, '56878662', '', 31, 0, 0, 0),
(8824, '90573120', '', 31, 0, 0, 0),
(8825, '74206542', '', 31, 0, 0, 0),
(8826, '82437133', '', 31, 0, 0, 0),
(8827, '28009033', '', 31, 0, 0, 0),
(8828, '75033569', '', 31, 0, 0, 0),
(8829, '86645507', '', 31, 0, 0, 0),
(8830, '19534301', '', 31, 0, 0, 0),
(8831, '27850341', '', 31, 0, 0, 0),
(8832, '88986206', '', 31, 0, 0, 0),
(8833, '13732910', '', 31, 0, 0, 0),
(8834, '53311157', '', 31, 0, 0, 0),
(8835, '65777587', '', 31, 0, 0, 0),
(8836, '54306030', '', 31, 0, 0, 0),
(8837, '39843750', '', 31, 0, 0, 0),
(8838, '80642700', '', 31, 0, 0, 0),
(8839, '01165771', '', 31, 0, 0, 0),
(8840, '42868041', '', 31, 0, 0, 0),
(8841, '99353027', '', 31, 0, 0, 0),
(8842, '48403930', '', 31, 0, 0, 0),
(8843, '43389892', '', 31, 0, 0, 0),
(8844, '76547241', '', 31, 0, 0, 0),
(8845, '76635742', '', 31, 0, 0, 0),
(8846, '53469848', '', 31, 0, 0, 0),
(8847, '51824951', '', 31, 0, 0, 0),
(8848, '27218627', '', 31, 0, 0, 0),
(8849, '06066894', '', 31, 0, 0, 0),
(8850, '42715454', '', 31, 0, 0, 0),
(8851, '35845947', '', 31, 0, 0, 0),
(8852, '16757202', '', 31, 0, 0, 0),
(8853, '72021484', '', 31, 0, 0, 0),
(8854, '13015747', '', 31, 0, 0, 0),
(8855, '54827880', '', 31, 0, 0, 0),
(8856, '17037963', '', 31, 0, 0, 0),
(8857, '08874511', '', 31, 0, 0, 0),
(8858, '11245727', '', 31, 0, 0, 0),
(8859, '18145751', '', 31, 0, 0, 0),
(8860, '49935913', '', 31, 0, 0, 0),
(8861, '01000976', '', 31, 0, 0, 0),
(8862, '34280395', '', 31, 0, 0, 0),
(8863, '85174560', '', 31, 0, 0, 0),
(8864, '87326049', '', 31, 0, 0, 0),
(8865, '82775878', '', 31, 0, 0, 0),
(8866, '28994750', '', 31, 0, 0, 0),
(8867, '65289306', '', 31, 0, 0, 0),
(8868, '51083374', '', 31, 0, 0, 0),
(8869, '38574218', '', 31, 0, 0, 0),
(8870, '92263793', '', 31, 0, 0, 0),
(8871, '17864990', '', 31, 0, 0, 0),
(8872, '13082885', '', 31, 0, 0, 0),
(8873, '02770996', '', 31, 0, 0, 0),
(8874, '70962524', '', 31, 0, 0, 0),
(8875, '52276611', '', 31, 0, 0, 0),
(8876, '95199584', '', 31, 0, 0, 0),
(8877, '59741210', '', 31, 0, 0, 0),
(8878, '61965942', '', 31, 0, 0, 0),
(8879, '27899169', '', 31, 0, 0, 0),
(8880, '69308471', '', 31, 0, 0, 0),
(8881, '43859863', '', 31, 0, 0, 0),
(8882, '12149047', '', 31, 0, 0, 0),
(8883, '54107666', '', 31, 0, 0, 0),
(8884, '57284545', '', 31, 0, 0, 0),
(8885, '39501953', '', 31, 0, 0, 0),
(8886, '18386840', '', 31, 0, 0, 0),
(8887, '90277099', '', 31, 0, 0, 0),
(8888, '31002807', '', 31, 0, 0, 0),
(8889, '81042480', '', 31, 0, 0, 0),
(8890, '27554321', '', 31, 0, 0, 0),
(8891, '45782470', '', 31, 0, 0, 0),
(8892, '12338256', '', 31, 0, 0, 0),
(8893, '52856445', '', 31, 0, 0, 0),
(8894, '36526489', '', 31, 0, 0, 0),
(8895, '79998779', '', 31, 0, 0, 0),
(8896, '73165893', '', 31, 0, 0, 0),
(8897, '89318847', '', 31, 0, 0, 0),
(8898, '92178344', '', 31, 0, 0, 0),
(8899, '02301025', '', 31, 0, 0, 0),
(8900, '35360717', '', 31, 0, 0, 0),
(8901, '74804687', '', 31, 0, 0, 0),
(8902, '91384887', '', 31, 0, 0, 0),
(8903, '72064208', '', 31, 0, 0, 0),
(8904, '70797729', '', 31, 0, 0, 0),
(8905, '43688964', '', 31, 0, 0, 0),
(8906, '81021118', '', 31, 0, 0, 0),
(8907, '98663330', '', 31, 0, 0, 0),
(8908, '01351928', '', 31, 0, 0, 0),
(8909, '80346679', '', 31, 0, 0, 0),
(8910, '57962036', '', 31, 0, 0, 0),
(8911, '41473388', '', 31, 0, 0, 0),
(8912, '98898315', '', 31, 0, 0, 0),
(8913, '19152832', '', 31, 0, 0, 0),
(8914, '69082641', '', 31, 0, 0, 0),
(8915, '09869384', '', 31, 0, 0, 0),
(8916, '85311889', '', 31, 0, 0, 0),
(8917, '44482421', '', 31, 0, 0, 0),
(8918, '11257934', '', 31, 0, 0, 0),
(8919, '63226318', '', 31, 0, 0, 0),
(8920, '32467651', '', 31, 0, 0, 0),
(8921, '90710449', '', 31, 0, 0, 0),
(8922, '31362915', '', 31, 0, 0, 0),
(8923, '10919189', '', 31, 0, 0, 0),
(8924, '62240600', '', 31, 0, 0, 0),
(8925, '42211914', '', 31, 0, 0, 0),
(8926, '26272583', '', 31, 0, 0, 0),
(8927, '12322998', '', 31, 0, 0, 0),
(8928, '46505737', '', 31, 0, 0, 0),
(8929, '33361816', '', 31, 0, 0, 0),
(8930, '42861938', '', 31, 0, 0, 0),
(8931, '76812744', '', 31, 0, 0, 0),
(8932, '07138061', '', 31, 0, 0, 0),
(8933, '48535156', '', 31, 0, 0, 0),
(8934, '78005981', '', 31, 0, 0, 0),
(8935, '63763427', '', 31, 0, 0, 0),
(8936, '16012573', '', 31, 0, 0, 0),
(8937, '22106933', '', 31, 0, 0, 0),
(8938, '78579711', '', 31, 0, 0, 0),
(8939, '82550048', '', 31, 0, 0, 0),
(8940, '95004272', '', 31, 0, 0, 0),
(8941, '38452148', '', 31, 0, 0, 0),
(8942, '41458129', '', 31, 0, 0, 0),
(8943, '92547607', '', 31, 0, 0, 0),
(8944, '15988159', '', 31, 0, 0, 0),
(8945, '31945800', '', 31, 0, 0, 0),
(8946, '13516235', '', 31, 0, 0, 0),
(8947, '03131103', '', 31, 0, 0, 0),
(8948, '00839233', '', 31, 0, 0, 0),
(8949, '86962890', '', 31, 0, 0, 0),
(8950, '91629028', '', 31, 0, 0, 0),
(8951, '73675537', '', 31, 0, 0, 0),
(8952, '21432495', '', 31, 0, 0, 0),
(8953, '37878417', '', 31, 0, 0, 0),
(8954, '22671508', '', 31, 0, 0, 0),
(8955, '13555908', '', 31, 0, 0, 0),
(8956, '99642944', '', 31, 0, 0, 0),
(8957, '69067382', '', 31, 0, 0, 0),
(8958, '03518676', '', 31, 0, 0, 0),
(8959, '82147216', '', 31, 0, 0, 0),
(8960, '07345581', '', 31, 0, 0, 0),
(8961, '14904785', '', 31, 0, 0, 0),
(8962, '81045532', '', 31, 0, 0, 0),
(8963, '88824462', '', 31, 0, 0, 0),
(8964, '66415405', '', 31, 0, 0, 0),
(8965, '59765625', '', 31, 0, 0, 0),
(8966, '52127075', '', 31, 0, 0, 0),
(8967, '92962646', '', 31, 0, 0, 0),
(8968, '48727416', '', 31, 0, 0, 0),
(8969, '38024902', '', 31, 0, 0, 0),
(8970, '63638305', '', 31, 0, 0, 0),
(8971, '03936767', '', 31, 0, 0, 0),
(8972, '76156616', '', 31, 0, 0, 0),
(8973, '34057617', '', 31, 0, 0, 0),
(8974, '12454223', '', 31, 0, 0, 0),
(8975, '81121826', '', 31, 0, 0, 0),
(8976, '20578002', '', 31, 0, 0, 0),
(8977, '82238769', '', 31, 0, 0, 0),
(8978, '45449829', '', 31, 0, 0, 0),
(8979, '33892822', '', 31, 0, 0, 0),
(8980, '03866577', '', 31, 0, 0, 0),
(8981, '66943359', '', 31, 0, 0, 0),
(8982, '59500122', '', 31, 0, 0, 0),
(8983, '21624755', '', 31, 0, 0, 0),
(8984, '97897338', '', 31, 0, 0, 0),
(8985, '22546386', '', 31, 0, 0, 0),
(8986, '01480102', '', 31, 0, 0, 0),
(8987, '53692626', '', 31, 0, 0, 0),
(8988, '24545288', '', 31, 0, 0, 0),
(8989, '33422851', '', 31, 0, 0, 0),
(8990, '68264770', '', 31, 0, 0, 0),
(8991, '89471435', '', 31, 0, 0, 0),
(8992, '55685424', '', 31, 0, 0, 0),
(8993, '33947753', '', 31, 0, 0, 0),
(8994, '06729125', '', 31, 0, 0, 0),
(8995, '38336181', '', 31, 0, 0, 0),
(8996, '13192749', '', 31, 0, 0, 0),
(8997, '08496093', '', 31, 0, 0, 0),
(8998, '13748168', '', 31, 0, 0, 0),
(8999, '59661865', '', 31, 0, 0, 0),
(9000, '68942260', '', 31, 0, 0, 0),
(9001, '91442871', '', 31, 0, 0, 0),
(9002, '36196899', '', 31, 0, 0, 0),
(9003, '62823486', '', 31, 0, 0, 0),
(9004, '44808959', '', 31, 0, 0, 0),
(9005, '67163085', '', 31, 0, 0, 0),
(9006, '70950317', '', 31, 0, 0, 0),
(9007, '07196044', '', 31, 0, 0, 0),
(9008, '12667846', '', 31, 0, 0, 0),
(9009, '70031738', '', 31, 0, 0, 0),
(9010, '64883422', '', 31, 0, 0, 0),
(9011, '02154541', '', 31, 0, 0, 0),
(9012, '94393920', '', 31, 0, 0, 0),
(9013, '84423828', '', 31, 0, 0, 0),
(9014, '14871215', '', 31, 0, 0, 0),
(9015, '07073974', '', 31, 0, 0, 0),
(9016, '61862182', '', 31, 0, 0, 0),
(9017, '44714355', '', 31, 0, 0, 0),
(9018, '67788696', '', 31, 0, 0, 0),
(9019, '31329345', '', 31, 0, 0, 0),
(9020, '36947631', '', 31, 0, 0, 0),
(9021, '35278320', '', 31, 0, 0, 0),
(9022, '20510864', '', 31, 0, 0, 0),
(9023, '34295654', '', 31, 0, 0, 0),
(9024, '91525268', '', 31, 0, 0, 0),
(9025, '90490722', '', 31, 0, 0, 0),
(9026, '19912719', '', 31, 0, 0, 0),
(9027, '25347900', '', 31, 0, 0, 0),
(9028, '47470092', '', 31, 0, 0, 0),
(9029, '94726562', '', 31, 0, 0, 0),
(9030, '62869262', '', 31, 0, 0, 0),
(9031, '63861083', '', 31, 0, 0, 0),
(9032, '76657104', '', 31, 0, 0, 0),
(9033, '82360839', '', 31, 0, 0, 0),
(9034, '96255493', '', 31, 0, 0, 0),
(9035, '59210205', '', 31, 0, 0, 0),
(9036, '00961303', '', 31, 0, 0, 0),
(9037, '37768554', '', 31, 0, 0, 0),
(9038, '16946411', '', 31, 0, 0, 0),
(9039, '70770263', '', 31, 0, 0, 0),
(9040, '92257690', '', 31, 0, 0, 0),
(9041, '95324707', '', 31, 0, 0, 0),
(9042, '71817016', '', 31, 0, 0, 0),
(9043, '07916259', '', 31, 0, 0, 0),
(9044, '72421264', '', 31, 0, 0, 0),
(9045, '39404296', '', 31, 0, 0, 0),
(9046, '57742309', '', 31, 0, 0, 0),
(9047, '30023193', '', 31, 0, 0, 0),
(9048, '13327026', '', 31, 0, 0, 0),
(9049, '04382324', '', 31, 0, 0, 0),
(9050, '21597290', '', 31, 0, 0, 0),
(9051, '46466064', '', 31, 0, 0, 0),
(9052, '36849975', '', 31, 0, 0, 0),
(9053, '74633789', '', 31, 0, 0, 0),
(9054, '60256958', '', 31, 0, 0, 0),
(9055, '16619873', '', 31, 0, 0, 0),
(9056, '14865112', '', 31, 0, 0, 0),
(9057, '84533691', '', 31, 0, 0, 0),
(9058, '20596313', '', 31, 0, 0, 0),
(9059, '49859619', '', 31, 0, 0, 0),
(9060, '69247436', '', 31, 0, 0, 0),
(9061, '18457031', '', 31, 0, 0, 0),
(9062, '99490356', '', 31, 0, 0, 0),
(9063, '05560302', '', 31, 0, 0, 0),
(9064, '71871948', '', 31, 0, 0, 0),
(9065, '10778808', '', 31, 0, 0, 0),
(9066, '43814086', '', 31, 0, 0, 0),
(9067, '93096923', '', 31, 0, 0, 0),
(9068, '44613647', '', 31, 0, 0, 0),
(9069, '45874023', '', 31, 0, 0, 0),
(9070, '50442504', '', 31, 0, 0, 0),
(9071, '71844482', '', 31, 0, 0, 0),
(9072, '59347534', '', 31, 0, 0, 0),
(9073, '58117675', '', 31, 0, 0, 0),
(9074, '66250610', '', 31, 0, 0, 0),
(9075, '51177978', '', 31, 0, 0, 0),
(9076, '37948608', '', 31, 0, 0, 0),
(9077, '31884765', '', 31, 0, 0, 0),
(9078, '88113403', '', 31, 0, 0, 0),
(9079, '90472412', '', 31, 0, 0, 0),
(9080, '52291870', '', 31, 0, 0, 0),
(9081, '01550292', '', 31, 0, 0, 0),
(9082, '62905883', '', 31, 0, 0, 0),
(9083, '99102783', '', 31, 0, 0, 0),
(9084, '24252319', '', 31, 0, 0, 0),
(9085, '51489257', '', 31, 0, 0, 0),
(9086, '87503051', '', 31, 0, 0, 0),
(9087, '36444091', '', 31, 0, 0, 0),
(9088, '25704956', '', 31, 0, 0, 0),
(9089, '16076660', '', 31, 0, 0, 0),
(9090, '08779907', '', 31, 0, 0, 0),
(9091, '11871337', '', 31, 0, 0, 0),
(9092, '78524780', '', 31, 0, 0, 0),
(9093, '79687500', '', 31, 0, 0, 0),
(9094, '23611450', '', 31, 0, 0, 0),
(9095, '84759521', '', 31, 0, 0, 0),
(9096, '54586791', '', 31, 0, 0, 0),
(9097, '76696777', '', 31, 0, 0, 0),
(9098, '78872680', '', 31, 0, 0, 0),
(9099, '64483642', '', 31, 0, 0, 0),
(9100, '75765991', '', 31, 0, 0, 0),
(9101, '91479492', '', 31, 0, 0, 0),
(9102, '71438598', '', 31, 0, 0, 0),
(9103, '10418701', '', 31, 0, 0, 0),
(9104, '13937377', '', 31, 0, 0, 0),
(9105, '58410644', '', 31, 0, 0, 0),
(9106, '48184204', '', 31, 0, 0, 0),
(9107, '31939697', '', 31, 0, 0, 0),
(9108, '90975952', '', 31, 0, 0, 0),
(9109, '61865234', '', 31, 0, 0, 0),
(9110, '05984497', '', 31, 0, 0, 0),
(9111, '88421630', '', 31, 0, 0, 0),
(9112, '78756713', '', 31, 0, 0, 0),
(9113, '36218261', '', 31, 0, 0, 0),
(9114, '91714477', '', 31, 0, 0, 0),
(9115, '89239501', '', 31, 0, 0, 0),
(9116, '99154663', '', 31, 0, 0, 0),
(9117, '65844726', '', 31, 0, 0, 0),
(9118, '02249145', '', 31, 0, 0, 0),
(9119, '93768310', '', 31, 0, 0, 0),
(9120, '24044799', '', 31, 0, 0, 0),
(9121, '85119628', '', 31, 0, 0, 0),
(9122, '84463500', '', 31, 0, 0, 0),
(9123, '11383056', '', 31, 0, 0, 0),
(9124, '75302124', '', 31, 0, 0, 0),
(9125, '78417968', '', 31, 0, 0, 0),
(9126, '35232543', '', 31, 0, 0, 0),
(9127, '01458740', '', 31, 0, 0, 0),
(9128, '24801635', '', 31, 0, 0, 0),
(9129, '80114746', '', 31, 0, 0, 0),
(9130, '01431274', '', 31, 0, 0, 0),
(9131, '73370361', '', 31, 0, 0, 0),
(9132, '94418334', '', 31, 0, 0, 0),
(9133, '74584960', '', 31, 0, 0, 0),
(9134, '79934692', '', 31, 0, 0, 0),
(9135, '86492919', '', 31, 0, 0, 0),
(9136, '56027221', '', 31, 0, 0, 0),
(9137, '96203613', '', 31, 0, 0, 0),
(9138, '17617797', '', 31, 0, 0, 0),
(9139, '50201416', '', 31, 0, 0, 0),
(9140, '31503295', '', 31, 0, 0, 0),
(9141, '29345703', '', 31, 0, 0, 0),
(9142, '11355590', '', 31, 0, 0, 0),
(9143, '23870849', '', 31, 0, 0, 0),
(9144, '92721557', '', 31, 0, 0, 0),
(9145, '08386230', '', 31, 0, 0, 0),
(9146, '08023071', '', 31, 0, 0, 0),
(9147, '16876220', '', 31, 0, 0, 0),
(9148, '61557006', '', 31, 0, 0, 0),
(9149, '17700195', '', 31, 0, 0, 0),
(9150, '04495239', '', 31, 0, 0, 0),
(9151, '88592529', '', 31, 0, 0, 0),
(9152, '09884643', '', 31, 0, 0, 0),
(9153, '91662597', '', 31, 0, 0, 0),
(9154, '47647094', '', 31, 0, 0, 0),
(9155, '48394775', '', 31, 0, 0, 0),
(9156, '59579467', '', 31, 0, 0, 0),
(9157, '14648437', '', 31, 0, 0, 0),
(9158, '34353637', '', 31, 0, 0, 0),
(9159, '55657958', '', 31, 0, 0, 0),
(9160, '82516479', '', 31, 0, 0, 0),
(9161, '21032714', '', 31, 0, 0, 0),
(9162, '11489868', '', 31, 0, 0, 0),
(9163, '19757080', '', 31, 0, 0, 0),
(9164, '00570678', '', 31, 0, 0, 0),
(9165, '95190429', '', 31, 0, 0, 0),
(9166, '75930786', '', 31, 0, 0, 0),
(9167, '00067138', '', 31, 0, 0, 0),
(9168, '85617065', '', 31, 0, 0, 0),
(9169, '71496582', '', 31, 0, 0, 0),
(9170, '74551391', '', 31, 0, 0, 0),
(9171, '05963134', '', 31, 0, 0, 0),
(9172, '59530639', '', 31, 0, 0, 0),
(9173, '34326171', '', 31, 0, 0, 0),
(9174, '04226684', '', 31, 0, 0, 0),
(9175, '96820068', '', 31, 0, 0, 0),
(9176, '94186401', '', 31, 0, 0, 0),
(9177, '18054199', '', 31, 0, 0, 0),
(9178, '11831665', '', 31, 0, 0, 0),
(9179, '82012939', '', 31, 0, 0, 0),
(9180, '11459350', '', 31, 0, 0, 0),
(9181, '07055664', '', 31, 0, 0, 0),
(9182, '94241333', '', 31, 0, 0, 0),
(9183, '20916748', '', 31, 0, 0, 0),
(9184, '83224487', '', 31, 0, 0, 0),
(9185, '35705566', '', 31, 0, 0, 0),
(9186, '98330688', '', 31, 0, 0, 0),
(9187, '22906494', '', 31, 0, 0, 0),
(9188, '31356811', '', 31, 0, 0, 0),
(9189, '88378906', '', 31, 0, 0, 0),
(9190, '20974731', '', 31, 0, 0, 0),
(9191, '47357177', '', 31, 0, 0, 0),
(9192, '27731323', '', 31, 0, 0, 0),
(9193, '99450683', '', 31, 0, 0, 0),
(9194, '09048461', '', 31, 0, 0, 0),
(9195, '03643798', '', 31, 0, 0, 0),
(9196, '94223022', '', 31, 0, 0, 0),
(9197, '53295898', '', 31, 0, 0, 0),
(9198, '59426879', '', 31, 0, 0, 0),
(9199, '51141357', '', 31, 0, 0, 0),
(9200, '02706909', '', 31, 0, 0, 0),
(9201, '84289550', '', 31, 0, 0, 0),
(9202, '18984985', '', 31, 0, 0, 0),
(9203, '99224853', '', 31, 0, 0, 0),
(9204, '75057983', '', 31, 0, 0, 0),
(9205, '76806640', '', 31, 0, 0, 0),
(9206, '84597778', '', 31, 0, 0, 0),
(9207, '07269287', '', 31, 0, 0, 0),
(9208, '83151245', '', 31, 0, 0, 0),
(9209, '65222167', '', 31, 0, 0, 0),
(9210, '03140258', '', 31, 0, 0, 0),
(9211, '84649658', '', 31, 0, 0, 0),
(9212, '48861694', '', 31, 0, 0, 0),
(9213, '33911132', '', 31, 0, 0, 0),
(9214, '71487426', '', 31, 0, 0, 0),
(9215, '90740966', '', 31, 0, 0, 0),
(9216, '44064331', '', 31, 0, 0, 0),
(9217, '17248535', '', 31, 0, 0, 0),
(9218, '36514282', '', 31, 0, 0, 0),
(9219, '34918212', '', 31, 0, 0, 0),
(9220, '90634155', '', 31, 0, 0, 0),
(9221, '99609375', '', 31, 0, 0, 0),
(9222, '95095825', '', 31, 0, 0, 0),
(9223, '76556396', '', 31, 0, 0, 0),
(9224, '60446166', '', 31, 0, 0, 0),
(9225, '15368652', '', 31, 0, 0, 0),
(9226, '94107055', '', 31, 0, 0, 0),
(9227, '25030517', '', 31, 0, 0, 0),
(9228, '75375366', '', 31, 0, 0, 0),
(9229, '48901367', '', 31, 0, 0, 0),
(9230, '30422973', '', 31, 0, 0, 0),
(9231, '39715576', '', 31, 0, 0, 0),
(9232, '07296752', '', 31, 0, 0, 0),
(9233, '34582519', '', 31, 0, 0, 0),
(9234, '50918579', '', 31, 0, 0, 0),
(9235, '29986572', '', 31, 0, 0, 0),
(9236, '78085327', '', 31, 0, 0, 0),
(9237, '56787109', '', 31, 0, 0, 0),
(9238, '52468872', '', 31, 0, 0, 0),
(9239, '55218505', '', 31, 0, 0, 0),
(9240, '59616088', '', 31, 0, 0, 0),
(9241, '49890136', '', 31, 0, 0, 0),
(9242, '81948852', '', 31, 0, 0, 0),
(9243, '24786376', '', 31, 0, 0, 0),
(9244, '73764038', '', 31, 0, 0, 0),
(9245, '98266601', '', 31, 0, 0, 0),
(9246, '36233520', '', 31, 0, 0, 0),
(9247, '98065185', '', 31, 0, 0, 0),
(9248, '92404174', '', 31, 0, 0, 0),
(9249, '36291503', '', 31, 0, 0, 0),
(9250, '62197875', '', 31, 0, 0, 0),
(9251, '84429931', '', 31, 0, 0, 0),
(9252, '37411499', '', 31, 0, 0, 0),
(9253, '48339843', '', 31, 0, 0, 0),
(9254, '56716918', '', 31, 0, 0, 0),
(9255, '43255615', '', 31, 0, 0, 0),
(9256, '80661010', '', 31, 0, 0, 0),
(9257, '68786621', '', 31, 0, 0, 0),
(9258, '66665649', '', 31, 0, 0, 0),
(9259, '83917236', '', 31, 0, 0, 0),
(9260, '44027709', '', 31, 0, 0, 0),
(9261, '82006835', '', 31, 0, 0, 0),
(9262, '88919067', '', 31, 0, 0, 0),
(9263, '65789794', '', 31, 0, 0, 0),
(9264, '99386596', '', 31, 0, 0, 0),
(9265, '22375488', '', 31, 0, 0, 0),
(9266, '70352172', '', 31, 0, 0, 0),
(9267, '98248291', '', 31, 0, 0, 0),
(9268, '68612670', '', 31, 0, 0, 0),
(9269, '74267578', '', 31, 0, 0, 0),
(9270, '07839965', '', 31, 0, 0, 0),
(9271, '40667724', '', 31, 0, 0, 0),
(9272, '23580932', '', 31, 0, 0, 0),
(9273, '72058105', '', 31, 0, 0, 0),
(9274, '48257446', '', 31, 0, 0, 0),
(9275, '02423095', '', 31, 0, 0, 0),
(9276, '86166381', '', 31, 0, 0, 0),
(9277, '00122070', '', 31, 0, 0, 0),
(9278, '88479614', '', 31, 0, 0, 0),
(9279, '42889404', '', 31, 0, 0, 0),
(9280, '28244018', '', 31, 0, 0, 0),
(9281, '92834472', '', 31, 0, 0, 0),
(9282, '75381469', '', 31, 0, 0, 0),
(9283, '71441650', '', 31, 0, 0, 0),
(9284, '71688842', '', 31, 0, 0, 0),
(9285, '34570312', '', 31, 0, 0, 0),
(9286, '05838012', '', 31, 0, 0, 0),
(9287, '47454833', '', 31, 0, 0, 0),
(9288, '88375854', '', 31, 0, 0, 0),
(9289, '59704589', '', 31, 0, 0, 0),
(9290, '26724243', '', 31, 0, 0, 0),
(9291, '80303955', '', 31, 0, 0, 0),
(9292, '00180053', '', 31, 0, 0, 0),
(9293, '52612304', '', 31, 0, 0, 0),
(9294, '34915161', '', 31, 0, 0, 0),
(9295, '29364013', '', 31, 0, 0, 0),
(9296, '78976440', '', 31, 0, 0, 0),
(9297, '47668457', '', 31, 0, 0, 0),
(9298, '77285766', '', 31, 0, 0, 0),
(9299, '04010009', '', 31, 0, 0, 0),
(9300, '46640014', '', 31, 0, 0, 0),
(9301, '29248046', '', 31, 0, 0, 0),
(9302, '50711059', '', 31, 0, 0, 0),
(9303, '63616943', '', 31, 0, 0, 0),
(9304, '75045776', '', 31, 0, 0, 0),
(9305, '31726074', '', 31, 0, 0, 0),
(9306, '02066040', '', 31, 0, 0, 0),
(9307, '17559814', '', 31, 0, 0, 0),
(9308, '86068725', '', 31, 0, 0, 0),
(9309, '39477539', '', 31, 0, 0, 0),
(9310, '28225708', '', 31, 0, 0, 0),
(9311, '25213623', '', 31, 0, 0, 0),
(9312, '51583862', '', 31, 0, 0, 0),
(9313, '86877441', '', 31, 0, 0, 0),
(9314, '76065063', '', 31, 0, 0, 0),
(9315, '95953369', '', 31, 0, 0, 0),
(9316, '93466186', '', 31, 0, 0, 0),
(9317, '58300781', '', 31, 0, 0, 0),
(9318, '42459106', '', 31, 0, 0, 0),
(9319, '89154052', '', 31, 0, 0, 0),
(9320, '83590698', '', 31, 0, 0, 0),
(9321, '88122558', '', 31, 0, 0, 0),
(9322, '74282836', '', 31, 0, 0, 0),
(9323, '14190673', '', 31, 0, 0, 0),
(9324, '43832397', '', 31, 0, 0, 0),
(9325, '60717773', '', 31, 0, 0, 0),
(9326, '68411254', '', 31, 0, 0, 0),
(9327, '30438232', '', 31, 0, 0, 0),
(9328, '46066284', '', 31, 0, 0, 0),
(9329, '10461425', '', 31, 0, 0, 0),
(9330, '71719360', '', 31, 0, 0, 0),
(9331, '47271728', '', 31, 0, 0, 0),
(9332, '12167358', '', 31, 0, 0, 0),
(9333, '21728515', '', 31, 0, 0, 0),
(9334, '81082153', '', 31, 0, 0, 0),
(9335, '24066162', '', 31, 0, 0, 0),
(9336, '14010620', '', 31, 0, 0, 0),
(9337, '28894042', '', 31, 0, 0, 0),
(9338, '43374633', '', 31, 0, 0, 0),
(9339, '70196533', '', 31, 0, 0, 0),
(9340, '73471069', '', 31, 0, 0, 0),
(9341, '16333007', '', 31, 0, 0, 0),
(9342, '55471801', '', 31, 0, 0, 0),
(9343, '45037841', '', 31, 0, 0, 0),
(9344, '62423706', '', 31, 0, 0, 0),
(9345, '18420410', '', 31, 0, 0, 0),
(9346, '64248657', '', 31, 0, 0, 0),
(9347, '57965087', '', 31, 0, 0, 0),
(9348, '02743530', '', 31, 0, 0, 0),
(9349, '19531250', '', 31, 0, 0, 0),
(9350, '66580200', '', 31, 0, 0, 0),
(9351, '68353271', '', 31, 0, 0, 0),
(9352, '66305541', '', 31, 0, 0, 0),
(9353, '54040527', '', 31, 0, 0, 0),
(9354, '09341430', '', 31, 0, 0, 0),
(9355, '85577392', '', 31, 0, 0, 0),
(9356, '74984741', '', 31, 0, 0, 0),
(9357, '06323242', '', 31, 0, 0, 0),
(9358, '89407348', '', 31, 0, 0, 0),
(9359, '69012451', '', 31, 0, 0, 0),
(9360, '00656127', '', 31, 0, 0, 0),
(9361, '10754394', '', 31, 0, 0, 0),
(9362, '53652954', '', 31, 0, 0, 0),
(9363, '28033447', '', 31, 0, 0, 0),
(9364, '65194702', '', 31, 0, 0, 0),
(9365, '51708984', '', 31, 0, 0, 0),
(9366, '98953247', '', 31, 0, 0, 0),
(9367, '22015380', '', 31, 0, 0, 0),
(9368, '40475463', '', 31, 0, 0, 0),
(9369, '63562011', '', 31, 0, 0, 0),
(9370, '72183227', '', 31, 0, 0, 0),
(9371, '60333251', '', 31, 0, 0, 0),
(9372, '48373413', '', 31, 0, 0, 0),
(9373, '30688476', '', 31, 0, 0, 0),
(9374, '70217895', '', 31, 0, 0, 0),
(9375, '02362060', '', 31, 0, 0, 0),
(9376, '60763549', '', 31, 0, 0, 0),
(9377, '87463378', '', 31, 0, 0, 0),
(9378, '39932250', '', 31, 0, 0, 0),
(9379, '57476806', '', 31, 0, 0, 0),
(9380, '99520874', '', 31, 0, 0, 0),
(9381, '18261718', '', 31, 0, 0, 0),
(9382, '78201293', '', 31, 0, 0, 0),
(9383, '85052490', '', 31, 0, 0, 0),
(9384, '36520385', '', 31, 0, 0, 0),
(9385, '57458496', '', 31, 0, 0, 0),
(9386, '31900024', '', 31, 0, 0, 0),
(9387, '94464111', '', 31, 0, 0, 0),
(9388, '93637084', '', 31, 0, 0, 0),
(9389, '89428710', '', 31, 0, 0, 0),
(9390, '97903442', '', 31, 0, 0, 0),
(9391, '45086669', '', 31, 0, 0, 0),
(9392, '42745971', '', 31, 0, 0, 0),
(9393, '48547363', '', 31, 0, 0, 0),
(9394, '23086547', '', 31, 0, 0, 0),
(9395, '46295166', '', 31, 0, 0, 0),
(9396, '05722045', '', 31, 0, 0, 0),
(9397, '19189453', '', 31, 0, 0, 0),
(9398, '04324340', '', 31, 0, 0, 0),
(9399, '57464599', '', 31, 0, 0, 0),
(9400, '54440307', '', 31, 0, 0, 0),
(9401, '35729980', '', 31, 0, 0, 0),
(9402, '88491821', '', 31, 0, 0, 0),
(9403, '87969970', '', 31, 0, 0, 0),
(9404, '10775756', '', 31, 0, 0, 0),
(9405, '82543945', '', 31, 0, 0, 0),
(9406, '72463989', '', 31, 0, 0, 0),
(9407, '97186279', '', 31, 0, 0, 0),
(9408, '46603393', '', 31, 0, 0, 0),
(9409, '94006347', '', 31, 0, 0, 0),
(9410, '03115844', '', 31, 0, 0, 0),
(9411, '94488525', '', 31, 0, 0, 0),
(9412, '83798217', '', 31, 0, 0, 0),
(9413, '54492187', '', 31, 0, 0, 0),
(9414, '77322387', '', 31, 0, 0, 0),
(9415, '39251708', '', 31, 0, 0, 0),
(9416, '94235229', '', 31, 0, 0, 0),
(9417, '98376464', '', 31, 0, 0, 0),
(9418, '41958618', '', 31, 0, 0, 0),
(9419, '40850830', '', 31, 0, 0, 0),
(9420, '99789428', '', 31, 0, 0, 0),
(9421, '10034179', '', 31, 0, 0, 0),
(9422, '93899536', '', 31, 0, 0, 0),
(9423, '58660888', '', 31, 0, 0, 0),
(9424, '72335815', '', 31, 0, 0, 0),
(9425, '23840332', '', 31, 0, 0, 0),
(9426, '80020141', '', 31, 0, 0, 0),
(9427, '02056884', '', 31, 0, 0, 0),
(9428, '33749389', '', 31, 0, 0, 0),
(9429, '24169921', '', 31, 0, 0, 0),
(9430, '97195434', '', 31, 0, 0, 0),
(9431, '30413818', '', 31, 0, 0, 0),
(9432, '55905151', '', 31, 0, 0, 0),
(9433, '45397949', '', 31, 0, 0, 0),
(9434, '92300415', '', 31, 0, 0, 0),
(9435, '53106689', '', 31, 0, 0, 0),
(9436, '60678100', '', 31, 0, 0, 0),
(9437, '71899414', '', 31, 0, 0, 0),
(9438, '62210083', '', 31, 0, 0, 0),
(9439, '29510498', '', 31, 0, 0, 0),
(9440, '19943237', '', 31, 0, 0, 0),
(9441, '38049316', '', 31, 0, 0, 0),
(9442, '53799438', '', 31, 0, 0, 0),
(9443, '69000244', '', 31, 0, 0, 0),
(9444, '55575561', '', 31, 0, 0, 0),
(9445, '28222656', '', 31, 0, 0, 0),
(9446, '63943481', '', 31, 0, 0, 0),
(9447, '30950927', '', 31, 0, 0, 0),
(9448, '39450073', '', 31, 0, 0, 0),
(9449, '76794433', '', 31, 0, 0, 0),
(9450, '39517211', '', 31, 0, 0, 0),
(9451, '24737548', '', 31, 0, 0, 0),
(9452, '93441772', '', 31, 0, 0, 0),
(9453, '68139648', '', 31, 0, 0, 0),
(9454, '77395629', '', 31, 0, 0, 0),
(9455, '09735107', '', 31, 0, 0, 0),
(9456, '89425659', '', 31, 0, 0, 0),
(9457, '36633300', '', 31, 0, 0, 0),
(9458, '24453735', '', 31, 0, 0, 0),
(9459, '95318603', '', 31, 0, 0, 0),
(9460, '49276733', '', 31, 0, 0, 0),
(9461, '66650390', '', 31, 0, 0, 0),
(9462, '77566528', '', 31, 0, 0, 0),
(9463, '40863037', '', 31, 0, 0, 0),
(9464, '44869995', '', 31, 0, 0, 0),
(9465, '92565917', '', 31, 0, 0, 0),
(9466, '83609008', '', 31, 0, 0, 0),
(9467, '55743408', '', 31, 0, 0, 0),
(9468, '98080444', '', 31, 0, 0, 0),
(9469, '98754882', '', 31, 0, 0, 0),
(9470, '39456176', '', 31, 0, 0, 0),
(9471, '99334716', '', 31, 0, 0, 0),
(9472, '80783081', '', 31, 0, 0, 0),
(9473, '19592285', '', 31, 0, 0, 0),
(9474, '91983032', '', 31, 0, 0, 0),
(9475, '81011962', '', 31, 0, 0, 0),
(9476, '14852905', '', 31, 0, 0, 0),
(9477, '39453125', '', 31, 0, 0, 0),
(9478, '38064575', '', 31, 0, 0, 0),
(9479, '60150146', '', 31, 0, 0, 0),
(9480, '72164916', '', 31, 0, 0, 0),
(9481, '92712402', '', 31, 0, 0, 0),
(9482, '24575805', '', 31, 0, 0, 0),
(9483, '46124267', '', 31, 0, 0, 0),
(9484, '74594116', '', 31, 0, 0, 0),
(9485, '63745117', '', 31, 0, 0, 0),
(9486, '48391723', '', 31, 0, 0, 0),
(9487, '98309326', '', 31, 0, 0, 0),
(9488, '94015502', '', 31, 0, 0, 0),
(9489, '86926269', '', 31, 0, 0, 0),
(9490, '56387329', '', 31, 0, 0, 0),
(9491, '26080322', '', 31, 0, 0, 0),
(9492, '52304077', '', 31, 0, 0, 0),
(9493, '46630859', '', 31, 0, 0, 0),
(9494, '45437622', '', 31, 0, 0, 0),
(9495, '88812255', '', 31, 0, 0, 0),
(9496, '21334838', '', 31, 0, 0, 0),
(9497, '77233886', '', 31, 0, 0, 0),
(9498, '62417602', '', 31, 0, 0, 0),
(9499, '95880126', '', 31, 0, 0, 0),
(9500, '22982788', '', 31, 0, 0, 0),
(9501, '63110351', '', 31, 0, 0, 0),
(9502, '04202270', '', 31, 0, 0, 0),
(9503, '06658935', '', 31, 0, 0, 0),
(9504, '29122924', '', 31, 0, 0, 0),
(9505, '38635253', '', 31, 0, 0, 0),
(9506, '17666625', '', 31, 0, 0, 0),
(9507, '30523681', '', 31, 0, 0, 0),
(9508, '61630249', '', 31, 0, 0, 0),
(9509, '88183593', '', 31, 0, 0, 0),
(9510, '99685668', '', 31, 0, 0, 0),
(9511, '26849365', '', 31, 0, 0, 0),
(9512, '92379760', '', 31, 0, 0, 0),
(9513, '46130371', '', 31, 0, 0, 0),
(9514, '97134399', '', 31, 0, 0, 0),
(9515, '05010986', '', 31, 0, 0, 0),
(9516, '43246459', '', 31, 0, 0, 0),
(9517, '96850585', '', 31, 0, 0, 0),
(9518, '06887817', '', 31, 0, 0, 0),
(9519, '24383544', '', 31, 0, 0, 0),
(9520, '86105346', '', 31, 0, 0, 0),
(9521, '74719238', '', 31, 0, 0, 0),
(9522, '75820922', '', 31, 0, 0, 0),
(9523, '94342041', '', 31, 0, 0, 0),
(9524, '42831420', '', 31, 0, 0, 0),
(9525, '64111328', '', 31, 0, 0, 0),
(9526, '00808715', '', 31, 0, 0, 0),
(9527, '74261474', '', 31, 0, 0, 0),
(9528, '85299682', '', 31, 0, 0, 0),
(9529, '99401855', '', 31, 0, 0, 0),
(9530, '28726196', '', 31, 0, 0, 0),
(9531, '73516845', '', 31, 0, 0, 0),
(9532, '35385131', '', 31, 0, 0, 0),
(9533, '64965820', '', 31, 0, 0, 0),
(9534, '56448364', '', 31, 0, 0, 0),
(9535, '51483154', '', 31, 0, 0, 0),
(9536, '64962768', '', 31, 0, 0, 0),
(9537, '95178222', '', 31, 0, 0, 0),
(9538, '30850219', '', 31, 0, 0, 0),
(9539, '17535400', '', 31, 0, 0, 0),
(9540, '95907592', '', 31, 0, 0, 0),
(9541, '74414062', '', 31, 0, 0, 0),
(9542, '48806762', '', 31, 0, 0, 0),
(9543, '31048583', '', 31, 0, 0, 0),
(9544, '00094604', '', 31, 0, 0, 0),
(9545, '37048339', '', 31, 0, 0, 0),
(9546, '57192993', '', 31, 0, 0, 0),
(9547, '01397705', '', 31, 0, 0, 0),
(9548, '99398803', '', 31, 0, 0, 0),
(9549, '67456054', '', 31, 0, 0, 0),
(9550, '52883911', '', 31, 0, 0, 0),
(9551, '87957763', '', 31, 0, 0, 0),
(9552, '65695190', '', 31, 0, 0, 0),
(9553, '00012207', '', 31, 0, 0, 0),
(9554, '82754516', '', 31, 0, 0, 0),
(9555, '00103759', '', 31, 0, 0, 0),
(9556, '20858764', '', 31, 0, 0, 0),
(9557, '19091796', '', 31, 0, 0, 0),
(9558, '43679809', '', 31, 0, 0, 0),
(9559, '97210693', '', 31, 0, 0, 0),
(9560, '36764526', '', 31, 0, 0, 0),
(9561, '59069824', '', 31, 0, 0, 0),
(9562, '82534790', '', 31, 0, 0, 0),
(9563, '88653564', '', 31, 0, 0, 0),
(9564, '35287475', '', 31, 0, 0, 0),
(9565, '04321289', '', 31, 0, 0, 0),
(9566, '96194458', '', 31, 0, 0, 0),
(9567, '33807373', '', 31, 0, 0, 0),
(9568, '88302612', '', 31, 0, 0, 0),
(9569, '89221191', '', 31, 0, 0, 0),
(9570, '31533813', '', 31, 0, 0, 0),
(9571, '42047119', '', 31, 0, 0, 0),
(9572, '17684936', '', 31, 0, 0, 0),
(9573, '98144531', '', 31, 0, 0, 0),
(9574, '85427856', '', 31, 0, 0, 0),
(9575, '72747802', '', 31, 0, 0, 0),
(9576, '95309448', '', 31, 0, 0, 0),
(9577, '65466308', '', 31, 0, 0, 0),
(9578, '04751586', '', 31, 0, 0, 0),
(9579, '35284423', '', 31, 0, 0, 0),
(9580, '43051147', '', 31, 0, 0, 0),
(9581, '75561523', '', 31, 0, 0, 0),
(9582, '86380004', '', 31, 0, 0, 0),
(9583, '89031982', '', 31, 0, 0, 0),
(9584, '32785034', '', 31, 0, 0, 0),
(9585, '62805175', '', 31, 0, 0, 0),
(9586, '77188110', '', 31, 0, 0, 0),
(9587, '43365478', '', 31, 0, 0, 0),
(9588, '86386108', '', 31, 0, 0, 0),
(9589, '11572265', '', 31, 0, 0, 0),
(9590, '74050903', '', 31, 0, 0, 0),
(9591, '57659912', '', 31, 0, 0, 0),
(9592, '75729370', '', 31, 0, 0, 0),
(9593, '56237792', '', 31, 0, 0, 0),
(9594, '23843383', '', 31, 0, 0, 0),
(9595, '41290283', '', 31, 0, 0, 0),
(9596, '22689819', '', 31, 0, 0, 0),
(9597, '81176757', '', 31, 0, 0, 0),
(9598, '23440551', '', 31, 0, 0, 0),
(9599, '53631591', '', 31, 0, 0, 0),
(9600, '99142456', '', 31, 0, 0, 0),
(9601, '20764160', '', 31, 0, 0, 0),
(9602, '19717407', '', 31, 0, 0, 0),
(9603, '04058837', '', 31, 0, 0, 0),
(9604, '26962280', '', 31, 0, 0, 0),
(9605, '59375000', '', 31, 0, 0, 0),
(9606, '09548950', '', 31, 0, 0, 0),
(9607, '51947021', '', 31, 0, 0, 0),
(9608, '78024291', '', 31, 0, 0, 0),
(9609, '31384277', '', 31, 0, 0, 0),
(9610, '39810180', '', 31, 0, 0, 0),
(9611, '06671142', '', 31, 0, 0, 0),
(9612, '74203491', '', 31, 0, 0, 0),
(9613, '21166992', '', 31, 0, 0, 0),
(9614, '07376098', '', 31, 0, 0, 0),
(9615, '27606201', '', 31, 0, 0, 0),
(9616, '87374877', '', 31, 0, 0, 0),
(9617, '63098144', '', 31, 0, 0, 0),
(9618, '59121704', '', 31, 0, 0, 0),
(9619, '24127197', '', 31, 0, 0, 0),
(9620, '39413452', '', 31, 0, 0, 0),
(9621, '41552734', '', 31, 0, 0, 0),
(9622, '91921997', '', 31, 0, 0, 0),
(9623, '55609130', '', 31, 0, 0, 0),
(9624, '02194213', '', 31, 0, 0, 0),
(9625, '90905761', '', 31, 0, 0, 0),
(9626, '52651977', '', 31, 0, 0, 0),
(9627, '31427001', '', 31, 0, 0, 0),
(9628, '97592163', '', 31, 0, 0, 0),
(9629, '95532226', '', 31, 0, 0, 0),
(9630, '38186645', '', 31, 0, 0, 0),
(9631, '10955810', '', 31, 0, 0, 0),
(9632, '97482299', '', 31, 0, 0, 0),
(9633, '89807128', '', 31, 0, 0, 0),
(9634, '95401000', '', 31, 0, 0, 0),
(9635, '03570556', '', 31, 0, 0, 0),
(9636, '23739624', '', 31, 0, 0, 0),
(9637, '58105468', '', 31, 0, 0, 0),
(9638, '21170043', '', 31, 0, 0, 0),
(9639, '68646240', '', 31, 0, 0, 0),
(9640, '48239135', '', 31, 0, 0, 0),
(9641, '08450317', '', 32, 0, 0, 0),
(9642, '94696044', '', 32, 0, 0, 0),
(9643, '50167846', '', 32, 0, 0, 0),
(9644, '42663574', '', 33, 0, 0, 0),
(9645, '94253540', '', 33, 0, 0, 0),
(9646, '65997314', '', 33, 0, 0, 0),
(9647, '65756225', '', 33, 0, 0, 0),
(9648, '25415039', '', 33, 0, 0, 0),
(9649, '95413208', '', 33, 0, 0, 0),
(9650, '48651123', '', 33, 0, 0, 0),
(9651, '06271362', '', 33, 0, 0, 0),
(9652, '47814941', '', 33, 0, 0, 0),
(9653, '18252563', '', 33, 0, 0, 0),
(9654, '51406860', '', 34, 0, 0, 0),
(9655, '33209228', '', 34, 0, 0, 0),
(9656, '79354858', '', 34, 0, 0, 0),
(9657, '45166015', '', 34, 0, 0, 0),
(9658, '35769653', '', 34, 0, 0, 0),
(9659, '85003662', '', 34, 0, 0, 0),
(9660, '56198120', '', 34, 0, 0, 0),
(9661, '27331542', '', 34, 0, 0, 0),
(9662, '73062133', '', 34, 0, 0, 0),
(9663, '06134033', '', 34, 0, 0, 0),
(9664, '09606933', '', 30, 2, 0, 0),
(9665, '02404785', '', 30, 2, 0, 0),
(9667, '34219360', '', 37, 0, 0, 0),
(9668, '59771728', '', 37, 0, 0, 0),
(9669, '74667358', '', 37, 0, 0, 0),
(9670, '34228515', '', 37, 0, 0, 0),
(9671, '43582153', '', 37, 0, 0, 0);

-- --------------------------------------------------------

--
-- Structure de la table `client`
--

CREATE TABLE IF NOT EXISTS `client` (
  `id` int(11) NOT NULL AUTO_INCREMENT,
  `nom` varchar(100) NOT NULL,
  `ref_compta` varchar(50) NOT NULL,
  `commentaire` text NOT NULL,
  PRIMARY KEY (`id`)
) ENGINE=InnoDB  DEFAULT CHARSET=latin1 AUTO_INCREMENT=264 ;

--
-- Contenu de la table `client`
--

INSERT INTO `client` (`id`, `nom`, `ref_compta`, `commentaire`) VALUES
(13, 'DOUBLE TOUR', '000001', ''),
(14, 'A.S.O', 'A0S001', ''),
(15, 'ACE ELECTRONIC', 'ACE001', ''),
(16, 'ACHAT SERVICE ENCOTECH', 'ACH001', ''),
(17, 'ACTIVIS', 'ACT001', ''),
(18, 'ADEUZA', 'ADE001', ''),
(19, 'AGS strabourg', 'AGS001', ''),
(20, 'AGT Systemes S.A', 'AGT001', ''),
(21, 'AGT Maintenance', 'AGT002', ''),
(22, 'AGT Solutions', 'AGT003', ''),
(23, 'ALCEA', 'ALC001', ''),
(24, 'ALLSMART TECHNOLOGY SYSTEM', 'ALL001', ''),
(25, 'ALPHA 3I', 'ALP001', ''),
(26, 'ALTO Info-Systems', 'ALT001', ''),
(27, 'ALX TECHNOLOGIES', 'ALX001', ''),
(28, 'ALYACOM', 'ALY001', ''),
(29, 'AMESYS', 'AME001', ''),
(30, 'APROGSYS', 'APR001', ''),
(31, 'APTAR PHARMA', 'APT001', ''),
(32, 'AQUITEM', 'AQU001', ''),
(33, 'ARD', 'ARD001', ''),
(34, 'AREVA NC', 'ARE001', ''),
(35, 'Anaud DELARUE', 'ARN001', ''),
(36, 'ARPEGE MASTER K', 'ARP001', ''),
(37, 'Association MPJ', 'ASS001', ''),
(38, 'AXCEO Systems', 'AXC001', ''),
(39, 'AXIMUM PRODUITS ELECTRONIQUES', 'AXI001', ''),
(40, 'AZEIS', 'AZE001', ''),
(41, 'AZUR SECURITY', 'AZU001', ''),
(42, 'BIOTATOO', 'BIO001', ''),
(43, 'BUSINESS LAB', 'BUS001', ''),
(44, 'BYKOD S.A.R.L', 'BYK001', ''),
(45, 'CAME-France', 'CAM001', ''),
(46, 'CAME ARA', 'CAM002', ''),
(47, 'CAME ATE', 'CAM003', ''),
(48, 'CAR PLASTIQUE', 'CAR001', ''),
(49, 'CEGEMAG', 'CEG001', ''),
(50, 'CHAMPARDENNAISE D''AUTOMATISME', 'CHA001', ''),
(51, 'CLINIQUE VICTOR PAUCHET', 'CLI001', ''),
(52, 'COFADIS', 'COF001', ''),
(53, 'CREATIVA', 'CRE001', ''),
(56, 'DATACOMSYS', 'DAT001', ''),
(57, 'DIGI-CORP', 'DIG001', ''),
(58, 'DOMATIC', 'DOM001', ''),
(59, 'DOUBLE-TOUR', 'DOU001', ''),
(60, 'EDEN', 'EDE001', ''),
(61, 'EIFFAGE ENERGIE TERTIAIRE NORD', 'EIF001', ''),
(62, 'ELISATH', 'ELI001', ''),
(63, 'ESME Sudria', 'ESM001', ''),
(64, 'ETIGO', 'ETI001', ''),
(65, 'EUTECH SSII', 'EUT001', ''),
(66, 'FABER-COM s.r.l', 'FAB001', ''),
(67, 'FORMULACTION', 'FOR001', ''),
(68, 'FORS FRANCE SAS', 'FOR002', ''),
(69, 'GEODIS LOGISTICS', 'GEO001', ''),
(70, 'GEI S.r.l', 'GEI001', ''),
(71, 'HESPERID', 'HES001', ''),
(72, 'HORTEC Ingénierie', 'HOR001', ''),
(73, 'HOTEL DE VILLE', 'HOT001', ''),
(74, 'HUB TELECOM', 'HUB001', ''),
(75, 'IER - GROUPE BOLLORE', 'IER001', ''),
(76, 'INGENICO', 'ING001', ''),
(77, 'INNOVPRO', 'INN001', ''),
(78, 'INRA', 'INR001', ''),
(79, 'IPERION', 'IPE001', ''),
(80, 'IREC', 'IRE001', ''),
(81, 'KEOLIS', 'KEO001', ''),
(82, 'KEY TECHNOLOGY', 'KEY001', ''),
(83, 'KOMET Sp.z.o.o', 'KOM001', ''),
(84, 'LAFON SA', 'LAF001', ''),
(85, 'LATITUDE OUEST', 'LAT001', ''),
(86, 'MENLOG INFORMATIQUE', 'MEN001', ''),
(87, 'MIDI MESURES', 'MID001', ''),
(88, 'MOVEWORK', 'MOV001', ''),
(90, 'NCS NATIONAL CONTROL SYSTEMS', 'NCS001', ''),
(91, 'NEOAXESS', 'NEO001', ''),
(92, 'NetVLM', 'NET001', ''),
(93, 'NOGEMA INGENIERIE', 'NOG001', ''),
(94, 'Olympique de Marseille S.A.S.P', 'OLY001', ''),
(95, 'OPTEAMUM', 'OPT001', ''),
(96, 'ORTEC SERVICES', 'ORT001', ''),
(97, 'ORTEC ENVIRONNEMENT', 'ORT002', ''),
(98, 'PLASTIC OMNIUM ENVIRONNEMENT', 'PLA001', ''),
(99, 'PROTOTIPP', 'PRO001', ''),
(100, 'PYRESCOM', 'PYR001', ''),
(101, 'PYRESCOM ATLAS', 'PYR003', ''),
(102, 'QR CODE DESIGNER', 'QR0001', ''),
(103, 'RISCO GROUP', 'RIS001', ''),
(104, 'RWT', 'RWT001', ''),
(105, 'SAGEMCOM', 'SAG001', ''),
(106, 'SARL LIDE', 'SAR001', ''),
(107, 'SAXXO TECHNOLOGIE', 'SAX001', ''),
(108, 'SBL', 'SBL001', ''),
(109, 'SCOPUS OMNIBADGES', 'SCO001', ''),
(110, 'SCORE MB', 'SCO002', ''),
(111, 'SENA COMPUTER', 'SEN001', ''),
(112, 'SETMAT', 'SET001', ''),
(113, 'SILENE SYSTEMES', 'SIL001', ''),
(114, 'Site du Pont du Gard', 'SIT001', ''),
(115, 'SLYCE LIMOUSIN', 'SLY001', ''),
(116, 'SLYCE', 'SLY002', ''),
(117, 'SOFACREAL', 'SOF001', ''),
(118, 'SOFT AUDIOVISUEL', 'SOF002', ''),
(119, 'SOLEM', 'SOL001', ''),
(120, 'SYDEVI', 'SYD001', ''),
(121, 'SYDEV Informatique', 'SYD002', ''),
(122, 'SYMOTRONIC Systèmes Electroniques', 'SYM001', ''),
(123, 'SYNCHONIC', 'SYN001', ''),
(124, 'TAG TECHNOLOGIE', 'TAG001', ''),
(125, 'TERCO SERVICES', 'TER001', ''),
(126, 'TIL TECHNOLOGIES', 'TIL001', ''),
(127, 'TimeCard Europe', 'TIM001', ''),
(128, 'TOC Medias', 'TOC001', ''),
(129, 'TUNISIE PORCELAINE', 'TUN001', ''),
(130, 'UEFA', 'UEF001', ''),
(131, 'ULCO', 'ULC001', ''),
(132, 'UNITECHNIC', 'UNI001', ''),
(133, 'URBACO S.A', 'URB001', ''),
(134, 'WALLACE FRANCE', 'WAL001', ''),
(135, 'ZALIX BIOMETRIE', 'ZAL001', ''),
(136, 'ZPA Nova Paka, a.s.', 'ZPA001', ''),
(137, 'PYATLAS', 'PYA001', ''),
(138, 'IANORD', 'IAN001', ''),
(139, 'INGESUP Paris', 'ING002', ''),
(140, 'MOBIL MEDIA SIGN', 'MOB001', ''),
(141, 'Technocentre', 'REG001', ''),
(142, 'STRATOR', 'STR001', ''),
(143, 'Cornouaille Informatique', 'COR001', 'Jean Paul Kerlidou'),
(144, 'LOGIDOM', 'LOG001', ''),
(145, 'PR2I', 'PR2001', ''),
(146, 'FDJ', 'LA0001', ''),
(147, 'STIM PLUS', 'STI001', ''),
(148, 'Conseil général de l''Aube', 'C', 'troyes'),
(149, 'LODECOM', 'LOD001', ''),
(150, 'ECOWEST', 'ECO001', ''),
(151, 'SPIE', 'SPI001', ''),
(152, 'PROGIRIS', 'PRO001', ''),
(153, 'TRAZA', 'TRA001', ''),
(154, 'TRAKA', 'TRA002', ''),
(155, 'EXPERBUY', 'EXP001', ''),
(156, 'DSA Technologies', 'DSA001', ''),
(157, 'SPLIN SA', 'SPL001', ''),
(158, 'INEO COFELIS', 'CL00058', ''),
(159, 'Reperes médias', 'REP001', ''),
(160, 'SAS MEDGIC GROUP', 'CL00136', ''),
(161, 'SAS IDTOUCH', 'CL00226', ''),
(162, 'Conseil général de la Marne', ' CON001', ''),
(163, 'CROQUE GEL', 'CL00237', ''),
(164, 'ISES ENGINEERING', 'CL00233', ''),
(165, 'GIES INFORMATIQUE', 'CL00246', '4 rue de la houblonnière\r\n68000 COLMAR'),
(166, 'SARL ELIASIS', 'CL00249', ''),
(167, 'ECOLE CENTRALE DE LYON', 'CL00078', ''),
(168, 'ADELYA', 'CL00230', ''),
(169, 'Monsieur GROGNOT ROGER', 'CL00250', 'Particulier'),
(170, 'EPPC Pont Du Gard', 'CL00084', ''),
(171, 'REBOUL', 'CLXXXXXX', ''),
(172, 'SARL GEODE', 'CL00264', ''),
(173, 'ORSUD ', 'EN COURS', ''),
(174, 'ANALOGON', 'CL00248', ''),
(175, '67PESAGE', 'CL00266', ''),
(176, 'Lycee Jules Ferry', '00000', ''),
(177, 'MCM décor', 'CL00272', ''),
(178, 'althec', 'cl00023', ''),
(179, 'NEOSANTE', 'cl00258', ''),
(180, 'SA ELTA', 'CL00083', ''),
(181, 'ELTA', 'CL00083', ''),
(182, 'CEA', 'CL00053', ''),
(183, 'La Mie Caline', 'cl00282', ''),
(184, 'alliance 3i', 'cl00020', ''),
(185, 'TIL TECHNOLOGIES', 'CL00206', ''),
(186, 'GIE', 'CL00291', ''),
(187, 'ABOUAL-CHAMAT', 'CL00271', 'particulier'),
(188, 'CABLAGE SUD LOIRE', 'CL00311', ''),
(189, 'logista france', 'cl00231', ''),
(190, 'ASIMAT', 'CL00288', ''),
(191, 'Communaute de commune', 'CL00059', ''),
(192, 'SARL DIALOG', 'CL0025', ''),
(193, 'ZETO', 'CL00295', ''),
(194, 'NEOSAFE', 'CL00239', ''),
(195, 'Grafik plus', 'CL00317', ''),
(196, 'Village center camping europe', 'CL00319', ''),
(197, 'MIDI PESAGE', 'CL00300', ''),
(198, 'COMLAND', 'CL00322', ''),
(199, 'SMLB', 'CL00003', ''),
(200, 'HOBBY NOTE', 'CL00108', ''),
(201, 'SLICE', 'CL00183', ''),
(202, 'CBS soft', 'CL00326', ''),
(203, 'CG 10', 'CL00060', ''),
(204, 'Vendu', '00000', ''),
(205, 'SOPRA Sophia Antipolis', 'CL00330', ''),
(206, 'ESIEA', 'CL00334', ''),
(207, 'CREDIT AGRICOLE ILIE DE FRANCE', '001', 'DEMANDER CODE CLIENT'),
(208, 'CZERYBA PIERRE', '002', 'DEMANDER CODE CLIENT'),
(209, 'ANSWER EVENT SYSTEM', '00000', 'RENTRER CODE CLIENT'),
(210, 'DORLET', 'CL00340', ''),
(211, 'CIL  INFORMATIQUE', 'CL00333', ''),
(212, 'METRAWARE', 'CL00342-Metraware', ''),
(213, 'BKS électronique', 'CL00325-BKS', ''),
(214, 'PSA PEUGOT CITROEN', '?', ''),
(215, 'HAMMAMI AZIZ', 'CL00343', ''),
(216, 'MTP Editions', 'CL00270', ''),
(217, 'THERMES BALARUC', 'CL00316', ''),
(218, 'Orange Applications for Business', 'CL00361', ''),
(219, 'IPOVIEW', 'CL00357', ''),
(220, 'AMEXPORT', 'CL00360', ''),
(221, 'SYSTO', 'CL00359', ''),
(222, 'APPLICAM', 'CL00363', ''),
(223, 'Arpasys', 'CL00364', ''),
(224, 'NAEMYS', 'CL00365', ''),
(225, 'ATOS', 'CL00038', ''),
(226, 'ISSENDIS', 'CL00373', ''),
(227, 'STRALFORS', 'CL00375', ''),
(228, 'MEDIALON', 'CL00385', ''),
(229, 'VINOMATIC', 'CL00376', ''),
(230, 'BNG', 'CL00386', ''),
(231, 'ARMOSC', 'CL00401', ''),
(232, 'Thlas', 'CL000', ''),
(233, 'THALES', '1234', ''),
(234, 'Open-Groupe', 'CL000', ''),
(235, 'Stentorius', 'CL00389', ''),
(236, 'Tipsy', 'CL00309', ''),
(237, 'Association Sportive Fougères Golf', 'CL00407', ''),
(238, 'SARL NETISSE', 'CL00416', ''),
(239, 'PayinTech', 'CL000', ''),
(240, 'Bouygues energies', 'CL00425', ''),
(241, 'ISLOG', 'CL00445', ''),
(242, 'EDEN INNOVATION', 'CL00435', ''),
(243, 'GLOBECAST', 'CL00459', ''),
(244, 'AMEXPORT', 'CL00360', ''),
(245, 'MIOS', 'CL00453', ''),
(246, 'Mobility Tech Green', 'CL00427', ''),
(247, 'DOT TECHNOLOGIE', 'CL00460', ''),
(248, 'ARALEC Systèmes', 'CL00418', ''),
(249, 'ATOS WORLDLINE', 'CL00465', ''),
(250, 'ORANGE/DISU/UOPT', 'CL00452', ''),
(251, 'ARCADE BEAUTY SOCOPLAN', 'CL00455', ''),
(252, 'DMS APELEM', 'CL00468', ''),
(253, 'VIATECH SOLUTIONS', 'CL00296', ''),
(254, 'IPO technologie', 'CL00357', ''),
(255, 'LYCEE SAINT-CRICQ', 'CL00470', ''),
(256, 'ADONIS Hotels et Résidences', 'CL00247', ''),
(257, 'IDTGV', 'CL00477', ''),
(258, 'TECHNIC ACHAT', 'CL00451', ''),
(259, 'Stanley Robotics', 'CL00480', ''),
(260, 'Université Panthéon-Assas Paris II', 'CL00473', ''),
(261, 'DIGBY', 'CL00376', ''),
(262, 'INCB TURBO SELF', 'CLOO493', ''),
(263, 'SmartResto', 'CLOO469', '');

-- --------------------------------------------------------

--
-- Structure de la table `composant`
--

CREATE TABLE IF NOT EXISTS `composant` (
  `id` int(11) NOT NULL AUTO_INCREMENT,
  `nom` varchar(250) NOT NULL,
  `info` text,
  `boitier` varchar(100) DEFAULT NULL,
  `stock_interne` int(11) NOT NULL,
  `stock_mini` int(11) NOT NULL,
  `id_famille` int(11) NOT NULL,
  `id_sous_famille` int(3) DEFAULT NULL,
  PRIMARY KEY (`id`),
  KEY `famille` (`id_famille`)
) ENGINE=InnoDB  DEFAULT CHARSET=latin1 AUTO_INCREMENT=13 ;

--
-- Contenu de la table `composant`
--

INSERT INTO `composant` (`id`, `nom`, `info`, `boitier`, `stock_interne`, `stock_mini`, `id_famille`, `id_sous_famille`) VALUES
(1, 'Test 1', '', '0608', 1000, 1000, 1, 1),
(2, 'Test 2', '', '0608', 1500, 10, 1, 2),
(3, 'Test 3', '', '1012', 5450, 5000, 2, 3),
(4, 'Test 4', '', '0406', 100, 100, 1, 1),
(5, 'Test 5', '', '0608', 8235, 2000, 1, 1),
(8, 'test 6', NULL, '1214', 400, 200, 3, NULL),
(9, 'test 7', NULL, '1012', 3096, 100, 4, NULL),
(10, 'test 0', NULL, '', 10000, 10000, 1, 1),
(11, 'face avant', NULL, '30', 100, 100, 3, 8),
(12, 'hgfshfghd', NULL, '', 0, 100, 2, 3);

-- --------------------------------------------------------

--
-- Structure de la table `composant_fournisseur`
--

CREATE TABLE IF NOT EXISTS `composant_fournisseur` (
  `id` int(10) NOT NULL AUTO_INCREMENT,
  `reference` varchar(250) NOT NULL,
  `prix` float NOT NULL,
  `id_composant` int(10) NOT NULL,
  `id_fournisseur` int(10) NOT NULL,
  PRIMARY KEY (`id`)
) ENGINE=InnoDB  DEFAULT CHARSET=latin1 AUTO_INCREMENT=19 ;

--
-- Contenu de la table `composant_fournisseur`
--

INSERT INTO `composant_fournisseur` (`id`, `reference`, `prix`, `id_composant`, `id_fournisseur`) VALUES
(2, 'MC0063W0603110K2', 0.012, 2, 1),
(3, 'DFSGSDFGFDSGFDS', 0.002, 1, 2),
(4, 'HGJJFGZSTHRZH', 2.56, 3, 1),
(5, 'HSRJTEYKUYKIYUK', 0.0021, 3, 2),
(6, 'RYUKFHSRFHRTHRZS', 457, 5, 1),
(7, 'JTEYJTYJDFGHJDYTDJ', 0.1, 5, 3),
(13, 'FRGHHJJGFE', 1, 1, 1),
(14, 'TRHTREDHTRHE', 10, 4, 2),
(15, 'TRHTREDHTRHE', 10, 11, 3),
(16, 'TRHTREDHTRHE', 10, 10, 1),
(17, 'KNJGBNBJKFDNJFBNJKL', 10, 8, 2),
(18, 'TRHTREDHTRHE', 0.1222, 9, 1);

-- --------------------------------------------------------

--
-- Structure de la table `composant_nomenclature`
--

CREATE TABLE IF NOT EXISTS `composant_nomenclature` (
  `id` int(11) NOT NULL AUTO_INCREMENT,
  `id_composant` int(11) NOT NULL,
  `id_version` int(11) NOT NULL,
  `quantite` int(11) NOT NULL,
  `position` text,
  `option_st` int(1) NOT NULL,
  PRIMARY KEY (`id`)
) ENGINE=InnoDB  DEFAULT CHARSET=latin1 AUTO_INCREMENT=41 ;

--
-- Contenu de la table `composant_nomenclature`
--

INSERT INTO `composant_nomenclature` (`id`, `id_composant`, `id_version`, `quantite`, `position`, `option_st`) VALUES
(1, 1, 4, 5, 'U1,U2', 0),
(2, 3, 4, 10, 'D1,D2', 0),
(3, 5, 4, 2, 'A1,A2', 1),
(4, 2, 3, 3, 'A1,A2', 0),
(5, 3, 3, 5, 'D1,D2,D8,D9', 0),
(24, 2, 8, 5, 'U5', 0),
(25, 4, 8, 1, '0', 1),
(26, 5, 8, 2, '0', 0),
(31, 1, 13, 10, '', 0),
(32, 4, 13, 5, '', 0),
(36, 1, 14, 2, '', 0),
(37, 2, 14, 5, '', 0),
(38, 3, 14, 3, '', 0),
(39, 1, 15, 10, '', 0),
(40, 5, 15, 5, '', 0);

-- --------------------------------------------------------

--
-- Structure de la table `composant_sous_traitant`
--

CREATE TABLE IF NOT EXISTS `composant_sous_traitant` (
  `id` int(11) NOT NULL AUTO_INCREMENT,
  `id_sous_traitant` int(11) DEFAULT NULL,
  `id_composant` int(11) NOT NULL,
  `quantite` int(11) NOT NULL,
  PRIMARY KEY (`id`)
) ENGINE=InnoDB  DEFAULT CHARSET=latin1 AUTO_INCREMENT=11 ;

--
-- Contenu de la table `composant_sous_traitant`
--

INSERT INTO `composant_sous_traitant` (`id`, `id_sous_traitant`, `id_composant`, `quantite`) VALUES
(1, 2, 2, 0),
(2, 2, 3, 0),
(3, 2, 5, 190),
(4, 2, 4, 200),
(5, 2, 1, 0),
(6, 1, 2, 0),
(7, 1, 3, 100),
(8, 1, 5, 0),
(9, 1, 1, 0),
(10, 1, 4, 0);

-- --------------------------------------------------------

--
-- Structure de la table `etape`
--

CREATE TABLE IF NOT EXISTS `etape` (
  `id` int(3) NOT NULL AUTO_INCREMENT,
  `nom` text NOT NULL,
  PRIMARY KEY (`id`)
) ENGINE=InnoDB  DEFAULT CHARSET=latin1 AUTO_INCREMENT=6 ;

--
-- Contenu de la table `etape`
--

INSERT INTO `etape` (`id`, `nom`) VALUES
(-2, 'Assemblage Produit Fini'),
(-1, 'Installation Firmware'),
(1, 'Test Circuit Carte'),
(2, 'Test Fonctionnalitées'),
(3, 'Test Finition'),
(4, 'Test 1'),
(5, 'Test Circuit Carte 1');

-- --------------------------------------------------------

--
-- Structure de la table `etape_nomenclature`
--

CREATE TABLE IF NOT EXISTS `etape_nomenclature` (
  `id` int(10) NOT NULL AUTO_INCREMENT,
  `id_version_nomenclature` int(4) NOT NULL,
  `id_etape` int(4) NOT NULL,
  `ordre` int(3) NOT NULL,
  PRIMARY KEY (`id`)
) ENGINE=InnoDB  DEFAULT CHARSET=latin1 AUTO_INCREMENT=32 ;

--
-- Contenu de la table `etape_nomenclature`
--

INSERT INTO `etape_nomenclature` (`id`, `id_version_nomenclature`, `id_etape`, `ordre`) VALUES
(1, 1, 2, 1),
(3, 1, 5, 2),
(7, 2, 3, 1),
(10, 2, 2, 4),
(11, 4, 5, 1),
(18, 2, -2, 3),
(20, 2, -1, 5),
(24, 4, 2, 2),
(26, 2, 4, 2),
(28, 13, -2, 2),
(29, 13, 1, 1),
(30, 13, 4, 3),
(31, 13, -1, 4);

-- --------------------------------------------------------

--
-- Structure de la table `famille`
--

CREATE TABLE IF NOT EXISTS `famille` (
  `id` int(11) NOT NULL AUTO_INCREMENT,
  `nom` varchar(250) NOT NULL,
  PRIMARY KEY (`id`)
) ENGINE=InnoDB  DEFAULT CHARSET=latin1 AUTO_INCREMENT=5 ;

--
-- Contenu de la table `famille`
--

INSERT INTO `famille` (`id`, `nom`) VALUES
(1, 'Composant'),
(2, 'PCB'),
(3, 'Boitier'),
(4, 'Accessoire');

-- --------------------------------------------------------

--
-- Structure de la table `fiche_descriptive`
--

CREATE TABLE IF NOT EXISTS `fiche_descriptive` (
  `id` int(10) NOT NULL AUTO_INCREMENT,
  `nom` varchar(30) NOT NULL,
  `designation` text NOT NULL,
  `frequence` int(1) NOT NULL,
  `petite` int(1) NOT NULL,
  `moyenne` int(1) NOT NULL,
  `grande` int(1) NOT NULL,
  PRIMARY KEY (`id`)
) ENGINE=InnoDB  DEFAULT CHARSET=latin1 AUTO_INCREMENT=7 ;

--
-- Contenu de la table `fiche_descriptive`
--

INSERT INTO `fiche_descriptive` (`id`, `nom`, `designation`, `frequence`, `petite`, `moyenne`, `grande`) VALUES
(3, '7201', 'lecteur de base 13,56MHz', 1, 1, 0, 1),
(6, '7702', 'Lecteur Mural', 1, 0, 0, 0);

-- --------------------------------------------------------

--
-- Structure de la table `fiche_descriptive_option`
--

CREATE TABLE IF NOT EXISTS `fiche_descriptive_option` (
  `id` int(10) NOT NULL AUTO_INCREMENT,
  `id_fiche_descriptive` int(10) NOT NULL,
  `designation` text NOT NULL,
  `type` int(3) NOT NULL,
  PRIMARY KEY (`id`)
) ENGINE=InnoDB  DEFAULT CHARSET=latin1 AUTO_INCREMENT=18 ;

--
-- Contenu de la table `fiche_descriptive_option`
--

INSERT INTO `fiche_descriptive_option` (`id`, `id_fiche_descriptive`, `designation`, `type`) VALUES
(10, 3, 'Lecteur de bureau 13,56MHz', 1),
(16, 6, 'Lecteur USB Bluetooth', 1),
(17, 6, 'Lecteur de bureau 13,56MHz', 1);

-- --------------------------------------------------------

--
-- Structure de la table `firmware`
--

CREATE TABLE IF NOT EXISTS `firmware` (
  `id` int(10) NOT NULL AUTO_INCREMENT,
  `nom` varchar(250) NOT NULL,
  `num_serie` tinyint(1) NOT NULL,
  `id_nomenclature` int(3) NOT NULL,
  `commentaire` text NOT NULL,
  PRIMARY KEY (`id`)
) ENGINE=InnoDB  DEFAULT CHARSET=latin1 AUTO_INCREMENT=8 ;

--
-- Contenu de la table `firmware`
--

INSERT INTO `firmware` (`id`, `nom`, `num_serie`, `id_nomenclature`, `commentaire`) VALUES
(1, 'Firmware 1 pour 7201-U', 1, 1, 'TEST commentaire'),
(2, 'Firmware 2 pour 7201-U', 0, 1, ''),
(3, 'Firmware 1 pour 7701-U', 1, 2, ''),
(4, 'Firmware De test ', 0, 3, ''),
(5, 'Firmware 2 pour 7701-U', 0, 2, ''),
(6, 'Firmware 1 pour 3600-W', 1, 6, ''),
(7, 'Firmware 2 pour 3600-W', 0, 6, '');

-- --------------------------------------------------------

--
-- Structure de la table `fournisseur`
--

CREATE TABLE IF NOT EXISTS `fournisseur` (
  `id` int(11) NOT NULL AUTO_INCREMENT,
  `nom` varchar(250) NOT NULL,
  `contact` varchar(100) DEFAULT NULL,
  `email` varchar(250) DEFAULT NULL,
  `numero` int(11) DEFAULT NULL,
  `site` varchar(250) DEFAULT NULL,
  `type` int(11) NOT NULL,
  PRIMARY KEY (`id`)
) ENGINE=InnoDB  DEFAULT CHARSET=latin1 AUTO_INCREMENT=9 ;

--
-- Contenu de la table `fournisseur`
--

INSERT INTO `fournisseur` (`id`, `nom`, `contact`, `email`, `numero`, `site`, `type`) VALUES
(1, 'FARNELL', 'test', '', 637179932, '', 1),
(2, 'RS', '', '', 0, '', 1),
(3, 'WURTH', '', '', 0, '', 1),
(4, 'FOURNISSEUR 4', 'gael', '', 0, '', 4),
(5, 'TW', '', '', 0, '', 2),
(6, 'CV', '', '', 0, '', 3),
(7, 'FOURNISSEUR ID', '', '', 781657638, '', 2),
(8, 'TEST', '', '', 0, '', 3);

-- --------------------------------------------------------

--
-- Structure de la table `histo_appro`
--

CREATE TABLE IF NOT EXISTS `histo_appro` (
  `id` int(11) NOT NULL AUTO_INCREMENT,
  `id_fournisseur` int(11) NOT NULL,
  `id_produit` int(11) NOT NULL,
  `type_produit` int(11) NOT NULL,
  `quantite` int(11) NOT NULL,
  `date_appro` date NOT NULL,
  PRIMARY KEY (`id`)
) ENGINE=InnoDB DEFAULT CHARSET=latin1 AUTO_INCREMENT=1 ;

-- --------------------------------------------------------

--
-- Structure de la table `histo_carte_hs`
--

CREATE TABLE IF NOT EXISTS `histo_carte_hs` (
  `id` int(10) NOT NULL AUTO_INCREMENT,
  `id_version_nomenclature` int(10) NOT NULL,
  `num_serie` varchar(10) NOT NULL,
  `date_ajout` date NOT NULL,
  PRIMARY KEY (`id`)
) ENGINE=InnoDB DEFAULT CHARSET=latin1 AUTO_INCREMENT=1 ;

-- --------------------------------------------------------

--
-- Structure de la table `histo_pret`
--

CREATE TABLE IF NOT EXISTS `histo_pret` (
  `id` int(10) NOT NULL AUTO_INCREMENT,
  `id_client` int(10) NOT NULL,
  `num_serie` varchar(8) NOT NULL,
  `etat` varchar(30) NOT NULL,
  `date_pret` date NOT NULL,
  `date_retour` date NOT NULL,
  PRIMARY KEY (`id`)
) ENGINE=InnoDB  DEFAULT CHARSET=latin1 AUTO_INCREMENT=4 ;

--
-- Contenu de la table `histo_pret`
--

INSERT INTO `histo_pret` (`id`, `id_client`, `num_serie`, `etat`, `date_pret`, `date_retour`) VALUES
(1, 17, '14060052', 'vendu', '2016-05-20', '2016-05-23'),
(2, 17, '14060053', 'vendu', '2016-04-21', '2016-05-23'),
(3, 28, '37225341', 'retourné', '2016-05-23', '2016-05-23');

-- --------------------------------------------------------

--
-- Structure de la table `histo_prod`
--

CREATE TABLE IF NOT EXISTS `histo_prod` (
  `id` int(11) NOT NULL AUTO_INCREMENT,
  `id_version` int(11) NOT NULL,
  `quantite` int(11) NOT NULL,
  `date_prod` date NOT NULL,
  `lieu` int(11) NOT NULL,
  PRIMARY KEY (`id`)
) ENGINE=InnoDB  DEFAULT CHARSET=latin1 AUTO_INCREMENT=2 ;

--
-- Contenu de la table `histo_prod`
--

INSERT INTO `histo_prod` (`id`, `id_version`, `quantite`, `date_prod`, `lieu`) VALUES
(1, 13, 5, '2016-05-04', 0);

-- --------------------------------------------------------

--
-- Structure de la table `histo_reprise`
--

CREATE TABLE IF NOT EXISTS `histo_reprise` (
  `id` int(10) NOT NULL AUTO_INCREMENT,
  `num_serie` varchar(10) NOT NULL,
  `commentaire` text NOT NULL,
  `id_test` int(10) NOT NULL,
  `reprise_nb` int(2) NOT NULL,
  `date_reprise` date NOT NULL,
  PRIMARY KEY (`id`)
) ENGINE=InnoDB  DEFAULT CHARSET=latin1 AUTO_INCREMENT=9 ;

--
-- Contenu de la table `histo_reprise`
--

INSERT INTO `histo_reprise` (`id`, `num_serie`, `commentaire`, `id_test`, `reprise_nb`, `date_reprise`) VALUES
(2, '02404785', 'Erreur', 3, 1, '2016-04-26'),
(3, '09124755', '', 8, 1, '2016-04-26'),
(4, '09606933', 'Erreur 1', 3, 1, '2016-04-26'),
(5, '01138305', '', 6, 1, '2016-04-26'),
(6, '02404785', '', 8, 2, '2016-04-28'),
(7, '21447753', '', 3, 1, '2016-04-28'),
(8, '21557617', '', 3, 1, '2016-04-28');

-- --------------------------------------------------------

--
-- Structure de la table `histo_vente_autre_produit_fini`
--

CREATE TABLE IF NOT EXISTS `histo_vente_autre_produit_fini` (
  `id` int(10) NOT NULL AUTO_INCREMENT,
  `id_client` int(10) NOT NULL,
  `num_serie` varchar(50) NOT NULL,
  `date_vente` date NOT NULL,
  PRIMARY KEY (`id`)
) ENGINE=InnoDB  DEFAULT CHARSET=latin1 AUTO_INCREMENT=4 ;

--
-- Contenu de la table `histo_vente_autre_produit_fini`
--

INSERT INTO `histo_vente_autre_produit_fini` (`id`, `id_client`, `num_serie`, `date_vente`) VALUES
(3, 18, '60', '2016-05-19');

-- --------------------------------------------------------

--
-- Structure de la table `histo_vente_badge`
--

CREATE TABLE IF NOT EXISTS `histo_vente_badge` (
  `id` int(11) NOT NULL AUTO_INCREMENT,
  `id_client` int(11) NOT NULL,
  `id_type_badge` int(11) DEFAULT NULL,
  `quantite` int(11) NOT NULL,
  `date_vente` date DEFAULT NULL,
  PRIMARY KEY (`id`)
) ENGINE=InnoDB  DEFAULT CHARSET=latin1 AUTO_INCREMENT=2 ;

--
-- Contenu de la table `histo_vente_badge`
--

INSERT INTO `histo_vente_badge` (`id`, `id_client`, `id_type_badge`, `quantite`, `date_vente`) VALUES
(1, 15, 1, 100, '2016-05-20');

-- --------------------------------------------------------

--
-- Structure de la table `histo_vente_lecteur`
--

CREATE TABLE IF NOT EXISTS `histo_vente_lecteur` (
  `id` int(11) NOT NULL AUTO_INCREMENT,
  `id_client` int(11) DEFAULT NULL,
  `num_serie` varchar(100) NOT NULL,
  `date_vente` date NOT NULL,
  PRIMARY KEY (`id`),
  KEY `num_serie` (`num_serie`)
) ENGINE=InnoDB  DEFAULT CHARSET=latin1 AUTO_INCREMENT=21 ;

--
-- Contenu de la table `histo_vente_lecteur`
--

INSERT INTO `histo_vente_lecteur` (`id`, `id_client`, `num_serie`, `date_vente`) VALUES
(19, 22, '88278198', '2016-05-19'),
(20, 17, '37225341', '2016-05-23');

-- --------------------------------------------------------

--
-- Structure de la table `histo_vente_lecteur_autre`
--

CREATE TABLE IF NOT EXISTS `histo_vente_lecteur_autre` (
  `id` int(10) NOT NULL AUTO_INCREMENT,
  `id_client` int(10) NOT NULL,
  `num_serie` varchar(50) NOT NULL,
  `date_vente` date NOT NULL,
  PRIMARY KEY (`id`)
) ENGINE=InnoDB  DEFAULT CHARSET=latin1 AUTO_INCREMENT=4 ;

--
-- Contenu de la table `histo_vente_lecteur_autre`
--

INSERT INTO `histo_vente_lecteur_autre` (`id`, `id_client`, `num_serie`, `date_vente`) VALUES
(3, 18, '3', '2016-05-19');

-- --------------------------------------------------------

--
-- Structure de la table `lecteur`
--

CREATE TABLE IF NOT EXISTS `lecteur` (
  `id` int(11) NOT NULL AUTO_INCREMENT,
  `num_serie` varchar(100) NOT NULL,
  `id_lecteur` int(11) NOT NULL,
  `date_creation` date DEFAULT NULL,
  `vendu` tinyint(1) NOT NULL DEFAULT '0',
  PRIMARY KEY (`id`),
  UNIQUE KEY `num_serie` (`num_serie`)
) ENGINE=InnoDB  DEFAULT CHARSET=latin1 AUTO_INCREMENT=37 ;

--
-- Contenu de la table `lecteur`
--

INSERT INTO `lecteur` (`id`, `num_serie`, `id_lecteur`, `date_creation`, `vendu`) VALUES
(29, '88278198', 6, '2016-05-03', 1),
(30, '14564621', 6, '2016-05-03', 0),
(31, '37225341', 6, '2016-05-03', 1),
(33, '47587965', 6, '2016-06-15', 0),
(34, '14523687', 14, '2016-06-15', 0),
(35, '14523688', 14, '2016-06-15', 0),
(36, '11111111', 13, '2016-06-15', 0);

-- --------------------------------------------------------

--
-- Structure de la table `lecteur_autre`
--

CREATE TABLE IF NOT EXISTS `lecteur_autre` (
  `id` int(10) NOT NULL AUTO_INCREMENT,
  `num_serie` varchar(100) NOT NULL,
  `id_lecteur_autre` int(10) NOT NULL,
  `date_ajout` date NOT NULL,
  `vendu` tinyint(1) NOT NULL DEFAULT '0',
  PRIMARY KEY (`id`)
) ENGINE=InnoDB  DEFAULT CHARSET=latin1 AUTO_INCREMENT=16 ;

--
-- Contenu de la table `lecteur_autre`
--

INSERT INTO `lecteur_autre` (`id`, `num_serie`, `id_lecteur_autre`, `date_ajout`, `vendu`) VALUES
(1, '1', 1, '2016-03-18', 0),
(2, '2', 1, '2016-03-18', 0),
(3, '3', 1, '2016-03-18', 1);

-- --------------------------------------------------------

--
-- Structure de la table `lot`
--

CREATE TABLE IF NOT EXISTS `lot` (
  `id` int(11) NOT NULL AUTO_INCREMENT,
  `id_version_nomenclature` int(11) NOT NULL,
  `id_version_fiche_descriptive` int(4) NOT NULL,
  `date_prod` date NOT NULL,
  `date_test` date NOT NULL,
  PRIMARY KEY (`id`)
) ENGINE=InnoDB  DEFAULT CHARSET=latin1 AUTO_INCREMENT=38 ;

--
-- Contenu de la table `lot`
--

INSERT INTO `lot` (`id`, `id_version_nomenclature`, `id_version_fiche_descriptive`, `date_prod`, `date_test`) VALUES
(30, 13, 6, '2016-04-21', '2016-04-21'),
(31, 15, 6, '2016-04-21', '2016-04-21'),
(32, 15, 0, '2016-04-22', '2016-04-22'),
(33, 13, 6, '2016-04-25', '2016-04-25'),
(34, 15, 6, '2016-04-25', '2016-04-25'),
(35, 13, 6, '2016-05-04', '2016-05-04'),
(36, 13, 6, '2016-05-04', '2016-05-04'),
(37, 13, 6, '2016-05-04', '2016-05-04');

-- --------------------------------------------------------

--
-- Structure de la table `nomenclature`
--

CREATE TABLE IF NOT EXISTS `nomenclature` (
  `id` int(11) NOT NULL AUTO_INCREMENT,
  `nom` varchar(250) DEFAULT NULL,
  PRIMARY KEY (`id`)
) ENGINE=InnoDB  DEFAULT CHARSET=latin1 AUTO_INCREMENT=8 ;

--
-- Contenu de la table `nomenclature`
--

INSERT INTO `nomenclature` (`id`, `nom`) VALUES
(1, '7201-U'),
(2, '7701-U'),
(3, 'TEST'),
(4, '3800-BT'),
(5, '7708-BT'),
(6, '3600-W'),
(7, 'XXXX-W');

-- --------------------------------------------------------

--
-- Structure de la table `nomenclature_fiche_descriptive`
--

CREATE TABLE IF NOT EXISTS `nomenclature_fiche_descriptive` (
  `id` int(11) NOT NULL AUTO_INCREMENT,
  `id_version_fiche_descriptive` int(4) NOT NULL,
  `id_version_nomenclature` int(4) NOT NULL,
  PRIMARY KEY (`id`)
) ENGINE=InnoDB  DEFAULT CHARSET=latin1 AUTO_INCREMENT=5 ;

--
-- Contenu de la table `nomenclature_fiche_descriptive`
--

INSERT INTO `nomenclature_fiche_descriptive` (`id`, `id_version_fiche_descriptive`, `id_version_nomenclature`) VALUES
(3, 6, 15),
(4, 6, 13);

-- --------------------------------------------------------

--
-- Structure de la table `nomenclature_lecteur`
--

CREATE TABLE IF NOT EXISTS `nomenclature_lecteur` (
  `id` int(11) NOT NULL AUTO_INCREMENT,
  `num_serie` varchar(8) NOT NULL,
  `id_version_nomenclature` int(4) NOT NULL,
  `id_lecteur` int(11) NOT NULL,
  `id_firmware` int(5) NOT NULL,
  `date_prod` date NOT NULL,
  `date_test` date NOT NULL,
  PRIMARY KEY (`id`)
) ENGINE=InnoDB  DEFAULT CHARSET=latin1 AUTO_INCREMENT=45 ;

--
-- Contenu de la table `nomenclature_lecteur`
--

INSERT INTO `nomenclature_lecteur` (`id`, `num_serie`, `id_version_nomenclature`, `id_lecteur`, `id_firmware`, `date_prod`, `date_test`) VALUES
(39, '86163330', 13, 29, 6, '0000-00-00', '0000-00-00'),
(40, '01138305', 15, 29, 6, '0000-00-00', '0000-00-00'),
(41, '87654321', 13, 30, 6, '0000-00-00', '0000-00-00'),
(42, '48757934', 15, 30, 6, '0000-00-00', '0000-00-00'),
(43, '01055908', 13, 31, 6, '0000-00-00', '0000-00-00'),
(44, '12564478', 15, 31, 0, '0000-00-00', '0000-00-00');

-- --------------------------------------------------------

--
-- Structure de la table `option_fiche_descriptive`
--

CREATE TABLE IF NOT EXISTS `option_fiche_descriptive` (
  `id` int(10) NOT NULL AUTO_INCREMENT,
  `id_fiche_descriptive_option` int(10) NOT NULL,
  `id_option_produit_fini` int(3) NOT NULL,
  PRIMARY KEY (`id`)
) ENGINE=InnoDB  DEFAULT CHARSET=latin1 AUTO_INCREMENT=37 ;

--
-- Contenu de la table `option_fiche_descriptive`
--

INSERT INTO `option_fiche_descriptive` (`id`, `id_fiche_descriptive_option`, `id_option_produit_fini`) VALUES
(30, 10, 1),
(33, 17, 1),
(35, 16, 2);

-- --------------------------------------------------------

--
-- Structure de la table `option_produit_fini`
--

CREATE TABLE IF NOT EXISTS `option_produit_fini` (
  `id` int(10) NOT NULL AUTO_INCREMENT,
  `nom` varchar(50) NOT NULL,
  `abreviation` varchar(10) NOT NULL,
  PRIMARY KEY (`id`)
) ENGINE=InnoDB  DEFAULT CHARSET=latin1 AUTO_INCREMENT=4 ;

--
-- Contenu de la table `option_produit_fini`
--

INSERT INTO `option_produit_fini` (`id`, `nom`, `abreviation`) VALUES
(1, 'usb', 'U'),
(2, 'bluetooth', 'BT'),
(3, 'test1', 'T1');

-- --------------------------------------------------------

--
-- Structure de la table `pret`
--

CREATE TABLE IF NOT EXISTS `pret` (
  `id` int(11) NOT NULL AUTO_INCREMENT,
  `id_client` int(5) NOT NULL,
  `contact` varchar(100) NOT NULL,
  `num_serie` varchar(250) NOT NULL,
  `id_version_fiche_descriptive` int(4) NOT NULL,
  `remarque` text NOT NULL,
  `date_envoi` date NOT NULL,
  `date_reception` date DEFAULT NULL,
  `etat` int(11) NOT NULL,
  PRIMARY KEY (`id`)
) ENGINE=InnoDB  DEFAULT CHARSET=latin1 AUTO_INCREMENT=8 ;

--
-- Contenu de la table `pret`
--

INSERT INTO `pret` (`id`, `id_client`, `contact`, `num_serie`, `id_version_fiche_descriptive`, `remarque`, `date_envoi`, `date_reception`, `etat`) VALUES
(7, 18, 'ffff', '12345678', 6, ' Voudraient pousser un URL sur un téléphone…impossible mais un charmant commercial de cette société avait dit que c''était possible…A suivre commercialement ', '2016-05-10', NULL, 0);

-- --------------------------------------------------------

--
-- Structure de la table `production`
--

CREATE TABLE IF NOT EXISTS `production` (
  `id` int(11) NOT NULL AUTO_INCREMENT,
  `id_lieu` int(3) NOT NULL,
  `id_nomenclature` int(3) NOT NULL,
  `quantite` int(5) NOT NULL,
  `etape` int(1) NOT NULL,
  `date_prod` date NOT NULL,
  `composant_utilise` text,
  `id_version_fiche_descriptive` int(4) NOT NULL,
  PRIMARY KEY (`id`),
  KEY `id_lieu` (`id_lieu`)
) ENGINE=InnoDB  DEFAULT CHARSET=latin1 AUTO_INCREMENT=150 ;

--
-- Contenu de la table `production`
--

INSERT INTO `production` (`id`, `id_lieu`, `id_nomenclature`, `quantite`, `etape`, `date_prod`, `composant_utilise`, `id_version_fiche_descriptive`) VALUES
(138, 1, 15, 100, 2, '2016-04-21', '1,5,1,4', 6),
(139, 1, 13, 100, 2, '2016-04-21', '1,5,1,4', 6),
(141, 1, 13, 100, 2, '2016-04-21', '1,5,1,4', 6),
(142, 1, 15, 100, 2, '2016-04-21', '1,5,1,4', 6),
(148, 0, 15, 100, 2, '2016-05-04', NULL, 6),
(149, 0, 13, 100, 2, '2016-05-04', NULL, 6);

-- --------------------------------------------------------

--
-- Structure de la table `produit_fini_autre`
--

CREATE TABLE IF NOT EXISTS `produit_fini_autre` (
  `id` int(10) NOT NULL AUTO_INCREMENT,
  `id_autre` int(10) NOT NULL,
  `num_serie` varchar(50) NOT NULL,
  `date_ajout` date NOT NULL,
  `vendu` tinyint(1) NOT NULL DEFAULT '0',
  PRIMARY KEY (`id`)
) ENGINE=InnoDB  DEFAULT CHARSET=latin1 AUTO_INCREMENT=11 ;

--
-- Contenu de la table `produit_fini_autre`
--

INSERT INTO `produit_fini_autre` (`id`, `id_autre`, `num_serie`, `date_ajout`, `vendu`) VALUES
(1, 2, '10', '2016-05-04', 0),
(2, 2, '20', '2016-05-04', 0),
(3, 2, '30', '2016-05-04', 0),
(4, 2, '40', '2016-05-04', 0),
(9, 1, '50', '2016-05-04', 0),
(10, 1, '60', '2016-05-04', 1);

-- --------------------------------------------------------

--
-- Structure de la table `produit_fini_nomenclature`
--

CREATE TABLE IF NOT EXISTS `produit_fini_nomenclature` (
  `id` int(10) NOT NULL AUTO_INCREMENT,
  `id_version` int(10) NOT NULL,
  `id_composant` int(10) NOT NULL,
  `quantite` int(1) NOT NULL,
  PRIMARY KEY (`id`)
) ENGINE=InnoDB  DEFAULT CHARSET=latin1 AUTO_INCREMENT=10 ;

--
-- Contenu de la table `produit_fini_nomenclature`
--

INSERT INTO `produit_fini_nomenclature` (`id`, `id_version`, `id_composant`, `quantite`) VALUES
(3, 8, 9, 1),
(7, 14, 8, 2),
(8, 13, 8, 2),
(9, 13, 9, 1);

-- --------------------------------------------------------

--
-- Structure de la table `reprise`
--

CREATE TABLE IF NOT EXISTS `reprise` (
  `id` int(11) NOT NULL AUTO_INCREMENT,
  `id_lot` int(10) NOT NULL,
  `etape` int(11) NOT NULL,
  `num_serie` varchar(10) NOT NULL,
  `num_serie_produit_fini` varchar(10) NOT NULL,
  `reprise` int(11) NOT NULL,
  `assemble` tinyint(1) NOT NULL,
  `id_firmware` int(5) NOT NULL,
  PRIMARY KEY (`id`)
) ENGINE=InnoDB DEFAULT CHARSET=latin1 AUTO_INCREMENT=1 ;

-- --------------------------------------------------------

--
-- Structure de la table `sav`
--

CREATE TABLE IF NOT EXISTS `sav` (
  `id` int(11) NOT NULL AUTO_INCREMENT,
  `num_serie` varchar(250) NOT NULL,
  `commentaire` text,
  `date_reception` date NOT NULL,
  `date_renvoi` date DEFAULT NULL,
  PRIMARY KEY (`id`)
) ENGINE=InnoDB  DEFAULT CHARSET=latin1 AUTO_INCREMENT=3 ;

--
-- Contenu de la table `sav`
--

INSERT INTO `sav` (`id`, `num_serie`, `commentaire`, `date_reception`, `date_renvoi`) VALUES
(1, '88278198', NULL, '2016-05-23', NULL),
(2, '37225341', NULL, '2016-05-24', NULL);

-- --------------------------------------------------------

--
-- Structure de la table `sous_famille`
--

CREATE TABLE IF NOT EXISTS `sous_famille` (
  `id` int(3) NOT NULL AUTO_INCREMENT,
  `id_famille` int(3) NOT NULL,
  `nom` varchar(150) NOT NULL,
  PRIMARY KEY (`id`),
  KEY `sous_famille` (`id_famille`)
) ENGINE=InnoDB  DEFAULT CHARSET=latin1 AUTO_INCREMENT=17 ;

--
-- Contenu de la table `sous_famille`
--

INSERT INTO `sous_famille` (`id`, `id_famille`, `nom`) VALUES
(1, 1, 'Resistance'),
(2, 1, 'Capa'),
(3, 2, 'sous famille2'),
(4, 1, 'sous famille3'),
(6, 1, 'test'),
(7, 1, 'test3'),
(8, 3, 'avant'),
(10, 2, 'test'),
(11, 2, 'test1'),
(12, 2, 'test'),
(13, 2, 'regrge'),
(14, 4, 'test accessoire'),
(15, 1, '1'),
(16, 3, 'arrière');

-- --------------------------------------------------------

--
-- Structure de la table `sous_traitant`
--

CREATE TABLE IF NOT EXISTS `sous_traitant` (
  `id` int(11) NOT NULL AUTO_INCREMENT,
  `nom` varchar(100) NOT NULL,
  PRIMARY KEY (`id`)
) ENGINE=InnoDB  DEFAULT CHARSET=latin1 AUTO_INCREMENT=3 ;

--
-- Contenu de la table `sous_traitant`
--

INSERT INTO `sous_traitant` (`id`, `nom`) VALUES
(0, 'Idcapt'),
(1, 'SFEI'),
(2, 'sous-traitant 2');

-- --------------------------------------------------------

--
-- Structure de la table `sous_type_badge`
--

CREATE TABLE IF NOT EXISTS `sous_type_badge` (
  `id` int(10) NOT NULL AUTO_INCREMENT,
  `nom` varchar(250) NOT NULL,
  PRIMARY KEY (`id`)
) ENGINE=InnoDB  DEFAULT CHARSET=latin1 AUTO_INCREMENT=10 ;

--
-- Contenu de la table `sous_type_badge`
--

INSERT INTO `sous_type_badge` (`id`, `nom`) VALUES
(1, 'Badge PVC'),
(2, 'Badge clamshell'),
(3, 'Mini badge'),
(4, 'Tag Clear Disk'),
(5, 'Porte clés'),
(6, 'Etiquette'),
(7, 'Tag montre'),
(8, 'Bracelet jetable'),
(9, 'test1');

-- --------------------------------------------------------

--
-- Structure de la table `sous_type_lecteur`
--

CREATE TABLE IF NOT EXISTS `sous_type_lecteur` (
  `id` int(11) NOT NULL AUTO_INCREMENT,
  `nom` varchar(250) NOT NULL,
  PRIMARY KEY (`id`)
) ENGINE=InnoDB  DEFAULT CHARSET=latin1 AUTO_INCREMENT=10 ;

--
-- Contenu de la table `sous_type_lecteur`
--

INSERT INTO `sous_type_lecteur` (`id`, `nom`) VALUES
(1, 'Lecteur de bureau'),
(2, 'Lecteur OEM'),
(3, 'Lecteur mobile'),
(4, 'Lecteur mural encastré'),
(5, 'Lecteur mural boitier'),
(6, 'Lecteur mural boitier large'),
(7, 'Terminal lecteur'),
(8, 'Lecteur longue distance'),
(9, 'test1');

-- --------------------------------------------------------

--
-- Structure de la table `test`
--

CREATE TABLE IF NOT EXISTS `test` (
  `id` int(11) NOT NULL AUTO_INCREMENT,
  `nom` text NOT NULL,
  `id_etape` int(11) NOT NULL,
  PRIMARY KEY (`id`)
) ENGINE=InnoDB  DEFAULT CHARSET=latin1 AUTO_INCREMENT=14 ;

--
-- Contenu de la table `test`
--

INSERT INTO `test` (`id`, `nom`, `id_etape`) VALUES
(1, 'Test 1', 2),
(2, 'Test 1', 1),
(3, 'Test 2', 1),
(4, 'Test 3', 1),
(5, 'Test 2', 2),
(6, 'Test 1', 4),
(7, 'Test 2', 3),
(8, 'Test 4', 1),
(9, 'test 5', 1),
(10, 'Test 1', 5),
(11, 'test 2', 5),
(12, 'Test 2', 4),
(13, 'test3', 4);

-- --------------------------------------------------------

--
-- Structure de la table `test_nomenclature`
--

CREATE TABLE IF NOT EXISTS `test_nomenclature` (
  `id` int(11) NOT NULL AUTO_INCREMENT,
  `id_etape_nomenclature` int(4) NOT NULL,
  `id_test` int(11) NOT NULL,
  PRIMARY KEY (`id`)
) ENGINE=InnoDB  DEFAULT CHARSET=latin1 AUTO_INCREMENT=37 ;

--
-- Contenu de la table `test_nomenclature`
--

INSERT INTO `test_nomenclature` (`id`, `id_etape_nomenclature`, `id_test`) VALUES
(24, 10, 1),
(30, 24, 1),
(34, 29, 3),
(35, 29, 8),
(36, 30, 6);

-- --------------------------------------------------------

--
-- Structure de la table `type_autre`
--

CREATE TABLE IF NOT EXISTS `type_autre` (
  `id` int(10) NOT NULL AUTO_INCREMENT,
  `nom` varchar(100) NOT NULL,
  PRIMARY KEY (`id`)
) ENGINE=InnoDB  DEFAULT CHARSET=latin1 AUTO_INCREMENT=4 ;

--
-- Contenu de la table `type_autre`
--

INSERT INTO `type_autre` (`id`, `nom`) VALUES
(1, 'Imprimante'),
(2, 'Tablette'),
(3, 'test1');

-- --------------------------------------------------------

--
-- Structure de la table `type_badge`
--

CREATE TABLE IF NOT EXISTS `type_badge` (
  `id` int(11) NOT NULL AUTO_INCREMENT,
  `reference` varchar(100) NOT NULL,
  `designation` text NOT NULL,
  `quantite` int(10) NOT NULL,
  `frequence` int(2) NOT NULL,
  `type` int(11) NOT NULL,
  PRIMARY KEY (`id`)
) ENGINE=InnoDB  DEFAULT CHARSET=latin1 AUTO_INCREMENT=6 ;

--
-- Contenu de la table `type_badge`
--

INSERT INTO `type_badge` (`id`, `reference`, `designation`, `quantite`, `frequence`, `type`) VALUES
(1, 'BG125001', 'Badge PVC blanc Chip 125 KHz EMxx', 1000, 2, 1),
(2, 'BG125002', 'Badge PVC Format ISO Chip 125 KHz ATA55xx encodable', 8020, 2, 1),
(3, 'BG1356001', 'Badge PVC format ISO 13,56MHz - ISO14443A - 1Ko', 4000, 1, 1),
(4, 'BG1356003', 'Badge format ISO Mifare Ultralight - 13.56 MHz - ISO14443A', 200, 1, 1),
(5, 'BG1356MDFG', 'TEST', 0, 1, 2);

-- --------------------------------------------------------

--
-- Structure de la table `type_lecteur_autre`
--

CREATE TABLE IF NOT EXISTS `type_lecteur_autre` (
  `id` int(11) NOT NULL AUTO_INCREMENT,
  `reference` varchar(250) NOT NULL,
  `designation` text NOT NULL,
  `frequence` int(2) NOT NULL,
  `type` int(2) NOT NULL,
  `id_fournisseur` int(11) NOT NULL,
  `petite` int(2) NOT NULL,
  `moyenne` int(2) NOT NULL,
  `grande` int(2) NOT NULL,
  PRIMARY KEY (`id`)
) ENGINE=InnoDB  DEFAULT CHARSET=latin1 AUTO_INCREMENT=4 ;

--
-- Contenu de la table `type_lecteur_autre`
--

INSERT INTO `type_lecteur_autre` (`id`, `reference`, `designation`, `frequence`, `type`, `id_fournisseur`, `petite`, `moyenne`, `grande`) VALUES
(1, '3300AT-2', 'Lecteur OEM 13,56MHz ISO14443A - I/F RS232/Wiegand/Clock&Data - Antenne déportable', 1, 2, 6, 1, 0, 0),
(2, '5600-2-1F', 'Lecteur RS232 W26 C&D I/F, ISO14443A Mifare Secure Sector', 1, 3, 6, 1, 0, 0),
(3, '3500-IF', 'Nouvelle version du lecteur', 1, 2, 8, 1, 0, 1);

-- --------------------------------------------------------

--
-- Structure de la table `type_produit`
--

CREATE TABLE IF NOT EXISTS `type_produit` (
  `id` int(3) NOT NULL AUTO_INCREMENT,
  `nom` varchar(100) NOT NULL,
  PRIMARY KEY (`id`)
) ENGINE=InnoDB  DEFAULT CHARSET=latin1 AUTO_INCREMENT=5 ;

--
-- Contenu de la table `type_produit`
--

INSERT INTO `type_produit` (`id`, `nom`) VALUES
(1, 'Matière première'),
(2, 'Identifiant'),
(3, 'Lecteur'),
(4, 'Autre PF');

-- --------------------------------------------------------

--
-- Structure de la table `version_fiche_descriptive`
--

CREATE TABLE IF NOT EXISTS `version_fiche_descriptive` (
  `id` int(10) NOT NULL AUTO_INCREMENT,
  `id_fiche_descriptive_option` int(10) NOT NULL,
  `version` int(3) NOT NULL,
  PRIMARY KEY (`id`)
) ENGINE=InnoDB  DEFAULT CHARSET=latin1 AUTO_INCREMENT=16 ;

--
-- Contenu de la table `version_fiche_descriptive`
--

INSERT INTO `version_fiche_descriptive` (`id`, `id_fiche_descriptive_option`, `version`) VALUES
(0, 0, 0),
(6, 10, 1),
(13, 16, 1),
(14, 17, 1);

-- --------------------------------------------------------

--
-- Structure de la table `version_nomenclature`
--

CREATE TABLE IF NOT EXISTS `version_nomenclature` (
  `id` int(10) NOT NULL AUTO_INCREMENT,
  `id_nomenclature` int(10) NOT NULL,
  `version` int(10) NOT NULL,
  PRIMARY KEY (`id`)
) ENGINE=InnoDB  DEFAULT CHARSET=latin1 AUTO_INCREMENT=17 ;

--
-- Contenu de la table `version_nomenclature`
--

INSERT INTO `version_nomenclature` (`id`, `id_nomenclature`, `version`) VALUES
(1, 1, 1),
(2, 1, 2),
(3, 1, 3),
(4, 2, 1),
(5, 1, 4),
(6, 2, 2),
(7, 4, 1),
(8, 4, 2),
(9, 1, 5),
(10, 5, 1),
(11, 5, 2),
(12, 6, 1),
(13, 6, 2),
(14, 4, 3),
(15, 3, 1),
(16, 7, 1);

/*!40101 SET CHARACTER_SET_CLIENT=@OLD_CHARACTER_SET_CLIENT */;
/*!40101 SET CHARACTER_SET_RESULTS=@OLD_CHARACTER_SET_RESULTS */;
/*!40101 SET COLLATION_CONNECTION=@OLD_COLLATION_CONNECTION */;
