-- phpMyAdmin SQL Dump
-- version 4.1.14
-- http://www.phpmyadmin.net
--
-- Client :  127.0.0.1
-- Généré le :  Mer 16 Mars 2016 à 17:29
-- Version du serveur :  5.6.17
-- Version de PHP :  5.5.12

SET SQL_MODE = "NO_AUTO_VALUE_ON_ZERO";
SET time_zone = "+00:00";


/*!40101 SET @OLD_CHARACTER_SET_CLIENT=@@CHARACTER_SET_CLIENT */;
/*!40101 SET @OLD_CHARACTER_SET_RESULTS=@@CHARACTER_SET_RESULTS */;
/*!40101 SET @OLD_COLLATION_CONNECTION=@@COLLATION_CONNECTION */;
/*!40101 SET NAMES utf8 */;

--
-- Base de données :  `gestion`
--

-- --------------------------------------------------------

--
-- Structure de la table `appro`
--

CREATE TABLE IF NOT EXISTS `appro` (
  `id` int(10) NOT NULL AUTO_INCREMENT,
  `id_fournisseur` int(3) NOT NULL,
  `date_commande` date NOT NULL,
  `type_produit` int(2) NOT NULL,
  PRIMARY KEY (`id`)
) ENGINE=InnoDB  DEFAULT CHARSET=latin1 AUTO_INCREMENT=60 ;

--
-- Contenu de la table `appro`
--

INSERT INTO `appro` (`id`, `id_fournisseur`, `date_commande`, `type_produit`) VALUES
(6, 6, '2015-12-16', 3),
(7, 6, '2015-12-16', 3),
(14, 6, '2016-01-13', 3),
(16, 6, '2016-01-14', 3),
(28, 4, '2016-02-12', 4),
(39, 6, '2016-03-11', 3),
(41, 6, '2016-03-11', 3),
(42, 7, '2016-03-11', 2),
(43, 5, '2016-03-11', 2),
(44, 7, '2016-03-11', 2),
(58, 7, '2016-03-16', 2),
(59, 6, '2016-03-16', 3);

-- --------------------------------------------------------

--
-- Structure de la table `appro_autre`
--

CREATE TABLE IF NOT EXISTS `appro_autre` (
  `id` int(10) NOT NULL AUTO_INCREMENT,
  `id_commande` int(10) NOT NULL,
  `id_autre` int(10) NOT NULL,
  `quantite` int(10) NOT NULL,
  PRIMARY KEY (`id`)
) ENGINE=InnoDB  DEFAULT CHARSET=latin1 AUTO_INCREMENT=2 ;

--
-- Contenu de la table `appro_autre`
--

INSERT INTO `appro_autre` (`id`, `id_commande`, `id_autre`, `quantite`) VALUES
(1, 28, 2, 20);

-- --------------------------------------------------------

--
-- Structure de la table `appro_composant`
--

CREATE TABLE IF NOT EXISTS `appro_composant` (
  `id` int(11) NOT NULL AUTO_INCREMENT,
  `id_commande` int(11) NOT NULL,
  `id_produit` int(11) NOT NULL,
  `quantite` int(11) NOT NULL,
  PRIMARY KEY (`id`)
) ENGINE=InnoDB  DEFAULT CHARSET=latin1 AUTO_INCREMENT=22 ;

-- --------------------------------------------------------

--
-- Structure de la table `appro_identifiant`
--

CREATE TABLE IF NOT EXISTS `appro_identifiant` (
  `id` int(11) NOT NULL AUTO_INCREMENT,
  `id_commande` int(10) NOT NULL,
  `id_identifiant` int(3) NOT NULL,
  `quantite` int(5) NOT NULL,
  PRIMARY KEY (`id`)
) ENGINE=InnoDB  DEFAULT CHARSET=latin1 AUTO_INCREMENT=23 ;

--
-- Contenu de la table `appro_identifiant`
--

INSERT INTO `appro_identifiant` (`id`, `id_commande`, `id_identifiant`, `quantite`) VALUES
(17, 42, 2, 5000),
(18, 43, 1, 1000),
(19, 44, 1, 1000),
(20, 44, 2, 100),
(21, 58, 1, 1000),
(22, 58, 2, 100);

-- --------------------------------------------------------

--
-- Structure de la table `appro_lecteur`
--

CREATE TABLE IF NOT EXISTS `appro_lecteur` (
  `id` int(11) NOT NULL AUTO_INCREMENT,
  `id_commande` int(10) NOT NULL,
  `id_lecteur` int(3) NOT NULL,
  `quantite` int(5) NOT NULL,
  PRIMARY KEY (`id`)
) ENGINE=InnoDB  DEFAULT CHARSET=latin1 AUTO_INCREMENT=14 ;

--
-- Contenu de la table `appro_lecteur`
--

INSERT INTO `appro_lecteur` (`id`, `id_commande`, `id_lecteur`, `quantite`) VALUES
(1, 6, 4, 20),
(2, 6, 3, 10),
(3, 7, 3, 5),
(4, 6, 4, 50),
(5, 14, 4, 10),
(6, 16, 3, 10),
(7, 16, 4, 50),
(9, 39, 1, 1000),
(10, 41, 1, 10),
(11, 41, 2, 20),
(12, 59, 1, 2),
(13, 59, 2, 2);

-- --------------------------------------------------------

--
-- Structure de la table `autre`
--

CREATE TABLE IF NOT EXISTS `autre` (
  `id` int(10) NOT NULL AUTO_INCREMENT,
  `reference` varchar(150) NOT NULL,
  `designation` text NOT NULL,
  `id_fournisseur` int(10) NOT NULL,
  `quantite` int(10) NOT NULL,
  `type` int(10) NOT NULL,
  PRIMARY KEY (`id`)
) ENGINE=InnoDB  DEFAULT CHARSET=latin1 AUTO_INCREMENT=3 ;

--
-- Contenu de la table `autre`
--

INSERT INTO `autre` (`id`, `reference`, `designation`, `id_fournisseur`, `quantite`, `type`) VALUES
(1, 'AXB568KJL', 'Imprimante', 4, 30, 1),
(2, 'BDGFT58PL', 'Tablette tactile', 4, 20, 2);

-- --------------------------------------------------------

--
-- Structure de la table `badge_fournisseur`
--

CREATE TABLE IF NOT EXISTS `badge_fournisseur` (
  `id` int(10) NOT NULL AUTO_INCREMENT,
  `reference` varchar(255) NOT NULL,
  `id_type_badge` int(3) NOT NULL,
  `id_fournisseur` int(3) NOT NULL,
  `prix` float NOT NULL,
  PRIMARY KEY (`id`),
  KEY `id` (`id`)
) ENGINE=InnoDB  DEFAULT CHARSET=latin1 AUTO_INCREMENT=7 ;

--
-- Contenu de la table `badge_fournisseur`
--

INSERT INTO `badge_fournisseur` (`id`, `reference`, `id_type_badge`, `id_fournisseur`, `prix`) VALUES
(2, 'HAHA', 1, 7, 100),
(3, 'jkl;kjggkj', 2, 7, 10),
(5, 'jkl;kjggkj', 4, 5, 10),
(6, 'jkl;kjggkj', 1, 5, 10);

-- --------------------------------------------------------

--
-- Structure de la table `carte_test`
--

CREATE TABLE IF NOT EXISTS `carte_test` (
  `id` int(11) NOT NULL AUTO_INCREMENT,
  `num_serie` varchar(100) NOT NULL,
  `id_lot` int(11) NOT NULL,
  `etat` int(11) NOT NULL,
  `assemble` tinyint(1) NOT NULL,
  PRIMARY KEY (`id`)
) ENGINE=InnoDB  DEFAULT CHARSET=latin1 AUTO_INCREMENT=2159 ;

--
-- Contenu de la table `carte_test`
--

INSERT INTO `carte_test` (`id`, `num_serie`, `id_lot`, `etat`, `assemble`) VALUES
(11, '12573242', 2, 1, 0),
(12, '70657348', 2, 1, 0),
(13, '25262451', 2, 1, 0),
(14, '31906127', 2, 1, 0),
(15, '17004394', 2, 1, 0),
(16, '34902954', 2, 1, 0),
(17, '84283447', 2, 1, 0),
(18, '96444702', 2, 1, 0),
(19, '57958984', 2, 1, 0),
(20, '80203247', 2, 1, 0),
(21, '78265380', 3, 1, 0),
(22, '71725463', 3, 1, 0),
(23, '69812011', 3, 1, 0),
(24, '53433227', 3, 1, 0),
(25, '16583251', 3, 1, 0),
(26, '02621459', 4, 1, 0),
(27, '68725585', 4, 1, 0),
(28, '41262817', 4, 1, 0),
(29, '71258544', 4, 1, 0),
(30, '95480346', 4, 1, 0),
(31, '96594238', 4, 1, 0),
(32, '60195922', 4, 1, 0),
(33, '91217041', 4, 1, 0),
(34, '02206420', 4, 1, 0),
(35, '35986328', 4, 1, 0),
(36, '77206420', 5, 1, 0),
(37, '10986328', 5, 1, 0),
(38, '10183715', 5, 1, 0),
(39, '96136474', 5, 1, 0),
(40, '69674682', 5, 1, 0),
(41, '96276855', 5, 1, 0),
(42, '88101196', 5, 1, 0),
(43, '45391845', 5, 1, 0),
(44, '69760131', 5, 1, 0),
(45, '11840820', 5, 1, 0),
(46, '56597900', 6, 1, 0),
(47, '53720092', 6, 1, 0),
(48, '75976562', 6, 1, 0),
(49, '91506958', 7, 1, 0),
(50, '22869873', 7, 1, 0),
(51, '96115112', 7, 1, 0),
(52, '40783691', 7, 1, 0),
(53, '51846313', 7, 1, 0),
(54, '56109619', 7, 1, 0),
(55, '50497436', 7, 1, 0),
(56, '74707031', 7, 1, 0),
(57, '30740356', 7, 1, 0),
(58, '11810302', 7, 1, 0),
(59, '53121948', 7, 1, 0),
(60, '67028808', 7, 1, 0),
(61, '75064086', 7, 1, 0),
(62, '99346923', 7, 1, 0),
(63, '25863647', 7, 1, 0),
(64, '02124023', 7, 1, 0),
(65, '81692504', 7, 1, 0),
(66, '78094482', 7, 1, 0),
(67, '40597534', 7, 1, 0),
(68, '14367675', 7, 1, 0),
(69, '97500610', 7, 1, 0),
(70, '57427978', 7, 1, 0),
(71, '19198608', 7, 1, 0),
(72, '88134765', 7, 1, 0),
(73, '19363403', 7, 1, 0),
(74, '96722412', 7, 1, 0),
(75, '33541870', 7, 1, 0),
(76, '57800292', 7, 1, 0),
(77, '94155883', 7, 1, 0),
(78, '05352783', 7, 1, 0),
(79, '05502319', 7, 1, 0),
(80, '07739257', 7, 1, 0),
(81, '18753051', 7, 1, 0),
(82, '42694091', 7, 1, 0),
(83, '06954956', 7, 1, 0),
(84, '72326660', 7, 1, 0),
(85, '40029907', 7, 1, 0),
(86, '18121337', 7, 1, 0),
(87, '59774780', 7, 1, 0),
(88, '35937500', 7, 1, 0),
(89, '54861450', 7, 1, 0),
(90, '91009521', 7, 1, 0),
(91, '35836791', 7, 1, 0),
(92, '32946777', 7, 1, 0),
(93, '10122680', 7, 1, 0),
(94, '70733642', 7, 1, 0),
(95, '57015991', 7, 1, 0),
(96, '47729492', 7, 1, 0),
(97, '02688598', 7, 1, 0),
(98, '16668701', 7, 1, 0),
(99, '95187377', 7, 1, 0),
(100, '14660644', 7, 1, 0),
(101, '79434204', 7, 1, 0),
(102, '38189697', 7, 1, 0),
(103, '72225952', 7, 1, 0),
(104, '18115234', 7, 1, 0),
(105, '37234497', 7, 1, 0),
(106, '94671630', 7, 1, 0),
(107, '60006713', 7, 1, 0),
(108, '92468261', 7, 1, 0),
(109, '22964477', 7, 1, 0),
(110, '95489501', 7, 1, 0),
(111, '80404663', 7, 1, 0),
(112, '22094726', 7, 1, 0),
(113, '33499145', 7, 1, 0),
(114, '00018310', 7, 1, 0),
(115, '05294799', 7, 1, 0),
(116, '41369628', 7, 1, 0),
(117, '15713500', 7, 1, 0),
(118, '17633056', 7, 1, 0),
(119, '56552124', 7, 1, 0),
(120, '34667968', 7, 1, 0),
(121, '66482543', 7, 1, 0),
(122, '07708740', 7, 1, 0),
(123, '06051635', 7, 1, 0),
(124, '36364746', 7, 1, 0),
(125, '32681274', 7, 1, 0),
(126, '79620361', 7, 1, 0),
(127, '75668334', 7, 1, 0),
(128, '30834960', 7, 1, 0),
(129, '11184692', 7, 1, 0),
(130, '92742919', 7, 1, 0),
(131, '37277221', 7, 1, 0),
(132, '52453613', 7, 1, 0),
(133, '48867797', 7, 1, 0),
(134, '56451416', 7, 1, 0),
(135, '12753295', 7, 1, 0),
(136, '85595703', 7, 1, 0),
(137, '42605590', 7, 1, 0),
(138, '30120849', 7, 1, 0),
(139, '73971557', 7, 1, 0),
(140, '64636230', 7, 1, 0),
(141, '39273071', 7, 1, 0),
(142, '23126220', 7, 1, 0),
(143, '42807006', 7, 1, 0),
(144, '73950195', 7, 1, 0),
(145, '35745239', 7, 1, 0),
(146, '94842529', 7, 1, 0),
(147, '91134643', 7, 1, 0),
(148, '47912597', 7, 1, 0),
(149, '78897094', 7, 1, 0),
(150, '54644775', 7, 1, 0),
(151, '40829467', 7, 1, 0),
(152, '70898437', 7, 1, 0),
(153, '65603637', 7, 1, 0),
(154, '61907958', 7, 1, 0),
(155, '63766479', 7, 1, 0),
(156, '77282714', 7, 1, 0),
(157, '42739868', 7, 1, 0),
(158, '26007080', 7, 1, 0),
(159, '81820678', 7, 1, 0),
(160, '51440429', 7, 1, 0),
(161, '07180786', 7, 1, 0),
(162, '06317138', 7, 1, 0),
(163, '66867065', 7, 1, 0),
(164, '27746582', 7, 1, 0),
(165, '05801391', 7, 1, 0),
(166, '12213134', 7, 1, 0),
(167, '40780639', 7, 1, 0),
(168, '90576171', 7, 1, 0),
(169, '35476684', 7, 1, 0),
(170, '03070068', 7, 1, 0),
(171, '75436401', 7, 1, 0),
(172, '74304199', 7, 1, 0),
(173, '43081665', 7, 1, 0),
(174, '88262939', 7, 1, 0),
(175, '92709350', 7, 1, 0),
(176, '63305664', 7, 1, 0),
(177, '25491333', 7, 1, 0),
(178, '27166748', 7, 1, 0),
(179, '64474487', 7, 1, 0),
(180, '91955566', 7, 1, 0),
(181, '29580688', 7, 1, 0),
(182, '29156494', 7, 1, 0),
(183, '12606811', 7, 1, 0),
(184, '44628906', 7, 1, 0),
(185, '52224731', 7, 1, 0),
(186, '53607177', 7, 1, 0),
(187, '08981323', 7, 1, 0),
(188, '55700683', 7, 1, 0),
(189, '40298461', 7, 1, 0),
(190, '09893798', 7, 1, 0),
(191, '75473022', 7, 1, 0),
(192, '09545898', 7, 1, 0),
(193, '90676879', 7, 1, 0),
(194, '57391357', 7, 1, 0),
(195, '83956909', 7, 1, 0),
(196, '40539550', 7, 1, 0),
(197, '50234985', 7, 1, 0),
(198, '05474853', 7, 1, 0),
(199, '56307983', 7, 1, 0),
(200, '33056640', 7, 1, 0),
(201, '15847778', 7, 1, 0),
(202, '13519287', 7, 1, 0),
(203, '64401245', 7, 1, 0),
(204, '21472167', 7, 1, 0),
(205, '34390258', 7, 1, 0),
(206, '90899658', 7, 1, 0),
(207, '30111694', 7, 1, 0),
(208, '90161132', 7, 1, 0),
(209, '02737426', 7, 1, 0),
(210, '96990966', 7, 1, 0),
(211, '25314331', 7, 1, 0),
(212, '73498535', 7, 1, 0),
(213, '67764282', 7, 1, 0),
(214, '41168212', 7, 1, 0),
(215, '71884155', 7, 1, 0),
(216, '55859375', 7, 1, 0),
(217, '26345825', 7, 1, 0),
(218, '82806396', 7, 1, 0),
(219, '41696166', 7, 1, 0),
(220, '71618652', 7, 1, 0),
(221, '25357055', 7, 1, 0),
(222, '31280517', 7, 1, 0),
(223, '56625366', 7, 1, 0),
(224, '05151367', 7, 1, 0),
(225, '61672973', 7, 1, 0),
(226, '45965576', 7, 1, 0),
(227, '88546752', 7, 1, 0),
(228, '90832519', 7, 1, 0),
(229, '82168579', 7, 1, 0),
(230, '36236572', 7, 1, 0),
(231, '59335327', 7, 1, 0),
(232, '13037109', 7, 1, 0),
(233, '83718872', 7, 1, 0),
(234, '61468505', 7, 1, 0),
(235, '40866088', 7, 1, 0),
(236, '06140136', 7, 1, 0),
(237, '13198852', 7, 1, 0),
(238, '31036376', 7, 1, 0),
(239, '55014038', 7, 1, 0),
(240, '54516601', 7, 1, 0),
(241, '67483520', 7, 1, 0),
(242, '04315185', 7, 1, 0),
(243, '73654174', 7, 1, 0),
(244, '92541503', 7, 1, 0),
(245, '93447875', 7, 1, 0),
(246, '90679931', 7, 1, 0),
(247, '18661499', 7, 1, 0),
(248, '04589843', 7, 1, 0),
(249, '87966918', 7, 1, 0),
(250, '49505615', 7, 1, 0),
(251, '61911010', 7, 1, 0),
(252, '25036621', 7, 1, 0),
(253, '97915649', 7, 1, 0),
(254, '90167236', 7, 1, 0),
(255, '25277709', 7, 1, 0),
(256, '38256835', 7, 1, 0),
(257, '20169067', 7, 1, 0),
(258, '72039794', 7, 1, 0),
(259, '80636596', 7, 1, 0),
(260, '78625488', 7, 1, 0),
(261, '01602172', 7, 1, 0),
(262, '04498291', 7, 1, 0),
(263, '49862670', 7, 1, 0),
(264, '30517578', 7, 1, 0),
(265, '39089965', 7, 1, 0),
(266, '46917724', 7, 1, 0),
(267, '04830932', 7, 1, 0),
(268, '28308105', 7, 1, 0),
(269, '79507446', 7, 1, 0),
(270, '08673095', 7, 1, 0),
(271, '67416381', 7, 1, 0),
(272, '56372070', 7, 1, 0),
(273, '19729614', 7, 1, 0),
(274, '49139404', 7, 1, 0),
(275, '09494018', 7, 1, 0),
(276, '49084472', 7, 1, 0),
(277, '06631469', 7, 1, 0),
(278, '77691650', 7, 1, 0),
(279, '52938842', 7, 1, 0),
(280, '90820312', 7, 1, 0),
(281, '37088012', 7, 1, 0),
(282, '53704833', 7, 1, 0),
(283, '69625854', 7, 1, 0),
(284, '15954589', 7, 1, 0),
(285, '57974243', 7, 1, 0),
(286, '86553955', 7, 1, 0),
(287, '81430053', 7, 1, 0),
(288, '08862304', 7, 1, 0),
(289, '66165161', 7, 1, 0),
(290, '35614013', 7, 1, 0),
(291, '60226440', 7, 1, 0),
(292, '03918457', 7, 1, 0),
(293, '08535766', 7, 1, 0),
(294, '10260009', 7, 1, 0),
(295, '27890014', 7, 1, 0),
(296, '85498046', 7, 1, 0),
(297, '81961059', 7, 1, 0),
(298, '69866943', 7, 1, 0),
(299, '56295776', 7, 1, 0),
(300, '87976074', 7, 1, 0),
(301, '33316040', 7, 1, 0),
(302, '23809814', 7, 1, 0),
(303, '67318725', 7, 1, 0),
(304, '95727539', 7, 1, 0),
(305, '59475708', 7, 1, 0),
(306, '31463623', 7, 1, 0),
(307, '32833862', 7, 1, 0),
(308, '43127441', 7, 1, 0),
(309, '07315063', 7, 1, 0),
(310, '02203369', 7, 1, 0),
(311, '74716186', 7, 1, 0),
(312, '14550781', 7, 1, 0),
(313, '73709106', 7, 1, 0),
(314, '95404052', 7, 1, 0),
(315, '64840698', 7, 1, 0),
(316, '44372558', 7, 1, 0),
(317, '05532836', 7, 1, 0),
(318, '20440673', 7, 1, 0),
(319, '25082397', 7, 1, 0),
(320, '16967773', 7, 1, 0),
(321, '99661254', 7, 1, 0),
(322, '36688232', 7, 1, 0),
(323, '27316284', 7, 1, 0),
(324, '66711425', 7, 1, 0),
(325, '02969360', 7, 1, 0),
(326, '53521728', 7, 1, 0),
(327, '93417358', 7, 1, 0),
(328, '77978515', 7, 1, 0),
(329, '12332153', 7, 1, 0),
(330, '30316162', 7, 1, 0),
(331, '95260620', 7, 1, 0),
(332, '85144042', 7, 1, 0),
(333, '74624633', 7, 1, 0),
(334, '76446533', 7, 1, 0),
(335, '54721069', 7, 1, 0),
(336, '72583007', 7, 1, 0),
(337, '86721801', 7, 1, 0),
(338, '51287841', 7, 1, 0),
(339, '43673706', 7, 1, 0),
(340, '74670410', 7, 1, 0),
(341, '95498657', 7, 1, 0),
(342, '64215087', 7, 1, 0),
(343, '83993530', 7, 1, 0),
(344, '75781250', 7, 1, 0),
(345, '97830200', 7, 1, 0),
(346, '74603271', 7, 1, 0),
(347, '47555541', 7, 1, 0),
(348, '10290527', 7, 1, 0),
(349, '40591430', 7, 1, 0),
(350, '91827392', 7, 1, 0),
(351, '56234741', 7, 1, 0),
(352, '62573242', 7, 1, 0),
(353, '20657348', 7, 1, 0),
(354, '75262451', 7, 1, 0),
(355, '81906127', 7, 1, 0),
(356, '67004394', 7, 1, 0),
(357, '84902954', 7, 1, 0),
(358, '34283447', 7, 1, 0),
(359, '46444702', 7, 1, 0),
(360, '07958984', 7, 1, 0),
(361, '30203247', 7, 1, 0),
(362, '28265380', 7, 1, 0),
(363, '21725463', 7, 1, 0),
(364, '19812011', 7, 1, 0),
(365, '03433227', 7, 1, 0),
(366, '66583251', 7, 1, 0),
(367, '29623413', 7, 1, 0),
(368, '86938476', 7, 1, 0),
(369, '01467895', 7, 1, 0),
(370, '08612060', 7, 1, 0),
(371, '42013549', 7, 1, 0),
(372, '43713378', 7, 1, 0),
(373, '71182250', 7, 1, 0),
(374, '63726806', 7, 1, 0),
(375, '80770874', 7, 1, 0),
(376, '74511718', 7, 1, 0),
(377, '09451293', 7, 1, 0),
(378, '91302490', 7, 1, 0),
(379, '17770385', 7, 1, 0),
(380, '13708496', 7, 1, 0),
(381, '63150024', 7, 1, 0),
(382, '00714111', 7, 1, 0),
(383, '74887084', 7, 1, 0),
(384, '45678710', 7, 1, 0),
(385, '29153442', 7, 1, 0),
(386, '51336669', 7, 1, 0),
(387, '23995971', 7, 1, 0),
(388, '04797363', 7, 1, 0),
(389, '54336547', 7, 1, 0),
(390, '52545166', 7, 1, 0),
(391, '86972045', 7, 1, 0),
(392, '75439453', 7, 1, 0),
(393, '35574340', 7, 1, 0),
(394, '63714599', 7, 1, 0),
(395, '35690307', 7, 1, 0),
(396, '91979980', 7, 1, 0),
(397, '19741821', 7, 1, 0),
(398, '94219970', 7, 1, 0),
(399, '92025756', 7, 1, 0),
(400, '38793945', 7, 1, 0),
(401, '03713989', 7, 1, 0),
(402, '03436279', 7, 1, 0),
(403, '27853393', 7, 1, 0),
(404, '50256347', 7, 1, 0),
(405, '34365844', 7, 1, 0),
(406, '00738525', 7, 1, 0),
(407, '65048217', 7, 1, 0),
(408, '10742187', 7, 1, 0),
(409, '08572387', 7, 1, 0),
(410, '45501708', 7, 1, 0),
(411, '75485229', 7, 1, 0),
(412, '54626464', 7, 1, 0),
(413, '73208618', 7, 1, 0),
(414, '47100830', 7, 1, 0),
(415, '81039428', 7, 1, 0),
(416, '66284179', 7, 1, 0),
(417, '25149536', 7, 1, 0),
(418, '64910888', 7, 1, 0),
(419, '53585815', 7, 1, 0),
(420, '80090332', 7, 1, 0),
(421, '11270141', 7, 1, 0),
(422, '08306884', 7, 1, 0),
(423, '14999389', 7, 1, 0),
(424, '80419921', 7, 1, 0),
(425, '28445434', 7, 1, 0),
(426, '36663818', 7, 1, 0),
(427, '37155151', 7, 1, 0),
(428, '01647949', 7, 1, 0),
(429, '23550415', 7, 1, 0),
(430, '59356689', 7, 1, 0),
(431, '41928100', 7, 1, 0),
(432, '28149414', 7, 1, 0),
(433, '93460083', 7, 1, 0),
(434, '35760498', 7, 1, 0),
(435, '01193237', 7, 1, 0),
(436, '94299316', 7, 1, 0),
(437, '85049438', 7, 1, 0),
(438, '75250244', 7, 1, 0),
(439, '36825561', 7, 1, 0),
(440, '84472656', 7, 1, 0),
(441, '95193481', 7, 1, 0),
(442, '37200927', 7, 1, 0),
(443, '20700073', 7, 1, 0),
(444, '33044433', 7, 1, 0),
(445, '70767211', 7, 1, 0),
(446, '30987548', 7, 1, 0),
(447, '74691772', 7, 1, 0),
(448, '24389648', 7, 1, 0),
(449, '08645629', 7, 1, 0),
(450, '15985107', 7, 1, 0),
(451, '70675659', 7, 1, 0),
(452, '92883300', 7, 1, 0),
(453, '55703735', 7, 1, 0),
(454, '01568603', 7, 1, 0),
(455, '30526733', 7, 1, 0),
(456, '22900390', 7, 1, 0),
(457, '08816528', 7, 1, 0),
(458, '47113037', 7, 1, 0),
(459, '26119995', 7, 1, 0),
(460, '48815917', 7, 1, 0),
(461, '14859008', 7, 1, 0),
(462, '61993408', 7, 1, 0),
(463, '79330444', 7, 1, 0),
(464, '55004882', 7, 1, 0),
(465, '70706176', 7, 1, 0),
(466, '05584716', 7, 1, 0),
(467, '62033081', 7, 1, 0),
(468, '75842285', 7, 1, 0),
(469, '23233032', 7, 1, 0),
(470, '87261962', 7, 1, 0),
(471, '96102905', 7, 1, 0),
(472, '95703125', 7, 1, 0),
(473, '69314575', 7, 1, 0),
(474, '66400146', 7, 1, 0),
(475, '53414916', 7, 1, 0),
(476, '48962402', 7, 1, 0),
(477, '55825805', 7, 1, 0),
(478, '52374267', 7, 1, 0),
(479, '55844116', 7, 1, 0),
(480, '19995117', 7, 1, 0),
(481, '79641723', 7, 1, 0),
(482, '04559326', 7, 1, 0),
(483, '75265502', 7, 1, 0),
(484, '43176269', 7, 1, 0),
(485, '87637329', 7, 1, 0),
(486, '32330322', 7, 1, 0),
(487, '33554077', 7, 1, 0),
(488, '02880859', 7, 1, 0),
(489, '76687622', 7, 1, 0),
(490, '95062255', 7, 1, 0),
(491, '02584838', 7, 1, 0),
(492, '33483886', 7, 1, 0),
(493, '93667602', 7, 1, 0),
(494, '02130126', 7, 1, 0),
(495, '04232788', 7, 1, 0),
(496, '19360351', 7, 1, 0),
(497, '35452270', 7, 1, 0),
(498, '12908935', 7, 1, 0),
(499, '10372924', 7, 1, 0),
(500, '94885253', 7, 1, 0),
(501, '48916625', 7, 1, 0),
(502, '36773681', 7, 1, 0),
(503, '42880249', 7, 1, 0),
(504, '44433593', 7, 1, 0),
(505, '30935668', 7, 1, 0),
(506, '33099365', 7, 1, 0),
(507, '73629760', 7, 1, 0),
(508, '02380371', 7, 1, 0),
(509, '28384399', 7, 1, 0),
(510, '11260986', 7, 1, 0),
(511, '24496459', 7, 1, 0),
(512, '53100585', 7, 1, 0),
(513, '38137817', 7, 1, 0),
(514, '30633544', 7, 1, 0),
(515, '67355346', 7, 1, 0),
(516, '30969238', 7, 1, 0),
(517, '07070922', 7, 1, 0),
(518, '00592041', 7, 1, 0),
(519, '24081420', 7, 1, 0),
(520, '20361328', 7, 1, 0),
(521, '32058715', 7, 1, 0),
(522, '80511474', 7, 1, 0),
(523, '66549682', 7, 1, 0),
(524, '55651855', 7, 1, 0),
(525, '59976196', 7, 1, 0),
(526, '79766845', 7, 1, 0),
(527, '16635131', 7, 1, 0),
(528, '21215820', 7, 1, 0),
(529, '87698364', 7, 1, 0),
(530, '57733154', 7, 1, 0),
(531, '46212768', 7, 1, 0),
(532, '51428222', 7, 1, 0),
(533, '62100219', 7, 1, 0),
(534, '23785400', 7, 1, 0),
(535, '77157592', 7, 1, 0),
(536, '30664062', 7, 1, 0),
(537, '80056762', 7, 1, 0),
(538, '37298583', 7, 1, 0),
(539, '81344604', 7, 1, 0),
(540, '93298339', 7, 1, 0),
(541, '88442993', 7, 1, 0),
(542, '07647705', 7, 1, 0),
(543, '80648803', 7, 1, 0),
(544, '23706054', 7, 1, 0),
(545, '84133911', 7, 1, 0),
(546, '94207763', 7, 1, 0),
(547, '46945190', 7, 1, 0),
(548, '56262207', 7, 1, 0),
(549, '14004516', 7, 1, 0),
(550, '06353759', 7, 1, 0),
(551, '02108764', 7, 1, 0),
(552, '75341796', 7, 1, 0),
(553, '74929809', 7, 1, 0),
(554, '03460693', 7, 1, 0),
(555, '18014526', 7, 1, 0),
(556, '15319824', 7, 1, 0),
(557, '13784790', 7, 1, 0),
(558, '94903564', 7, 1, 0),
(559, '16537475', 7, 1, 0),
(560, '60571289', 7, 1, 0),
(561, '27444458', 7, 1, 0),
(562, '40057373', 7, 1, 0),
(563, '69552612', 7, 1, 0),
(564, '45471191', 7, 1, 0),
(565, '62783813', 7, 1, 0),
(566, '48297119', 7, 1, 0),
(567, '98934936', 7, 1, 0),
(568, '54394531', 7, 1, 0),
(569, '16677856', 7, 1, 0),
(570, '78997802', 7, 1, 0),
(571, '76559448', 7, 1, 0),
(572, '21716308', 7, 1, 0),
(573, '36001586', 7, 1, 0),
(574, '41534423', 7, 1, 0),
(575, '24301147', 7, 1, 0),
(576, '31811523', 7, 1, 0),
(577, '17630004', 7, 1, 0),
(578, '95281982', 7, 1, 0),
(579, '14035034', 7, 1, 0),
(580, '19055175', 7, 1, 0),
(581, '08438110', 7, 1, 0),
(582, '49615478', 7, 1, 0),
(583, '67636108', 7, 1, 0),
(584, '67822265', 7, 1, 0),
(585, '05300903', 7, 1, 0),
(586, '63909912', 7, 1, 0),
(587, '56979370', 7, 1, 0),
(588, '12487792', 7, 1, 0),
(589, '55093383', 7, 1, 0),
(590, '47540283', 7, 1, 0),
(591, '03939819', 7, 1, 0),
(592, '37426757', 7, 1, 0),
(593, '54690551', 7, 1, 0),
(594, '59881591', 7, 1, 0),
(595, '80392456', 7, 1, 0),
(596, '77014160', 7, 1, 0),
(597, '50967407', 7, 1, 0),
(598, '10308837', 7, 1, 0),
(599, '08212280', 7, 1, 0),
(600, '15625000', 7, 1, 0),
(601, '40798950', 7, 1, 0),
(602, '58197021', 7, 1, 0),
(603, '59274291', 7, 1, 0),
(604, '87634277', 7, 1, 0),
(605, '71060180', 7, 1, 0),
(606, '12921142', 7, 1, 0),
(607, '55453491', 7, 1, 0),
(608, '77416992', 7, 1, 0),
(609, '38626098', 7, 1, 0),
(610, '33856201', 7, 1, 0),
(611, '68624877', 7, 1, 0),
(612, '19348144', 7, 1, 0),
(613, '90371704', 7, 1, 0),
(614, '30377197', 7, 1, 0),
(615, '20663452', 7, 1, 0),
(616, '97802734', 7, 1, 0),
(617, '23171997', 7, 1, 0),
(618, '61859130', 7, 1, 0),
(619, '83444213', 7, 1, 0),
(620, '47155761', 7, 1, 0),
(621, '83901977', 7, 1, 0),
(622, '37677001', 7, 1, 0),
(623, '78842163', 7, 1, 0),
(624, '51782226', 7, 1, 0),
(625, '69436645', 7, 1, 0),
(626, '17205810', 7, 1, 0),
(627, '78732299', 7, 1, 0),
(628, '46057128', 7, 1, 0),
(629, '26651000', 7, 1, 0),
(630, '09820556', 7, 1, 0),
(631, '04989624', 7, 1, 0),
(632, '14355468', 7, 1, 0),
(633, '52420043', 7, 1, 0),
(634, '74896240', 7, 1, 0),
(635, '29489135', 7, 1, 0),
(636, '91052246', 7, 1, 0),
(637, '93618774', 7, 1, 0),
(638, '21807861', 7, 1, 0),
(639, '74105834', 7, 1, 0),
(640, '60522460', 7, 1, 0),
(641, '47122192', 7, 1, 0),
(642, '09930419', 7, 1, 0),
(643, '10714721', 7, 1, 0),
(644, '57141113', 7, 1, 0),
(645, '59805297', 7, 1, 0),
(646, '48638916', 7, 1, 0),
(647, '61190795', 7, 1, 0),
(648, '65283203', 7, 1, 0),
(649, '28543090', 7, 1, 0),
(650, '97308349', 7, 1, 0),
(651, '97409057', 7, 1, 0),
(652, '19323730', 7, 1, 0),
(653, '00210571', 7, 1, 0),
(654, '65313720', 7, 1, 0),
(655, '41244506', 7, 1, 0),
(656, '03637695', 7, 1, 0),
(657, '71682739', 7, 1, 0),
(658, '12030029', 7, 1, 0),
(659, '64572143', 7, 1, 0),
(660, '52600097', 7, 1, 0),
(661, '89834594', 7, 1, 0),
(662, '46832275', 7, 1, 0),
(663, '89266967', 7, 1, 0),
(664, '50585937', 7, 1, 0),
(665, '51541137', 7, 1, 0),
(666, '29095458', 7, 1, 0),
(667, '87203979', 7, 1, 0),
(668, '31970214', 7, 1, 0),
(669, '03677368', 7, 1, 0),
(670, '68194580', 7, 1, 0),
(671, '80258178', 7, 1, 0),
(672, '81127929', 7, 1, 0),
(673, '43118286', 7, 1, 0),
(674, '23504638', 7, 1, 0),
(675, '40304565', 7, 1, 0),
(676, '32434082', 7, 1, 0),
(677, '16738891', 7, 1, 0),
(678, '04400634', 7, 1, 0),
(679, '89218139', 7, 1, 0),
(680, '70263671', 7, 1, 0),
(681, '21414184', 7, 1, 0),
(682, '70257568', 7, 1, 0),
(683, '98873901', 7, 1, 0),
(684, '28991699', 7, 1, 0),
(685, '04019165', 7, 1, 0),
(686, '30450439', 7, 1, 0),
(687, '91146850', 7, 1, 0),
(688, '92993164', 7, 1, 0),
(689, '61428833', 7, 1, 0),
(690, '44354248', 7, 1, 0),
(691, '37911987', 7, 1, 0),
(692, '96643066', 7, 1, 0),
(693, '40518188', 7, 1, 0),
(694, '21343994', 7, 1, 0),
(695, '61044311', 7, 1, 0),
(696, '24316406', 7, 1, 0),
(697, '38162231', 7, 1, 0),
(698, '20794677', 7, 1, 0),
(699, '32418823', 7, 1, 0),
(700, '10388183', 7, 1, 0),
(701, '01235961', 7, 1, 0),
(702, '52081298', 7, 1, 0),
(703, '73910522', 7, 1, 0),
(704, '39233398', 7, 1, 0),
(705, '26614379', 7, 1, 0),
(706, '74578857', 7, 1, 0),
(707, '57394409', 7, 1, 0),
(708, '45227050', 7, 1, 0),
(709, '61172485', 7, 1, 0),
(710, '97662353', 7, 1, 0),
(711, '04745483', 7, 1, 0),
(712, '12744140', 7, 1, 0),
(713, '01785278', 7, 1, 0),
(714, '80706787', 7, 1, 0),
(715, '87838745', 7, 1, 0),
(716, '76159667', 7, 1, 0),
(717, '95327758', 7, 1, 0),
(718, '33087158', 7, 1, 0),
(719, '28549194', 7, 1, 0),
(720, '19848632', 7, 1, 0),
(721, '38674926', 7, 1, 0),
(722, '14178466', 7, 1, 0),
(723, '98751831', 7, 1, 0),
(724, '78186035', 7, 1, 0),
(725, '78701782', 7, 1, 0),
(726, '33355712', 7, 1, 0),
(727, '20321655', 7, 1, 0),
(728, '35546875', 7, 1, 0),
(729, '12283325', 7, 1, 0),
(730, '49993896', 7, 1, 0),
(731, '65133666', 7, 1, 0),
(732, '26306152', 7, 1, 0),
(733, '86294555', 7, 1, 0),
(734, '73468017', 7, 1, 0),
(735, '55062866', 7, 1, 0),
(736, '34838867', 7, 1, 0),
(737, '97610473', 7, 1, 0),
(738, '63153076', 7, 1, 0),
(739, '61984252', 7, 1, 0),
(740, '95520019', 7, 1, 0),
(741, '93106079', 7, 1, 0),
(742, '28424072', 7, 1, 0),
(743, '07772827', 7, 1, 0),
(744, '92724609', 7, 1, 0),
(745, '69656372', 7, 1, 0),
(746, '28656005', 7, 1, 0),
(747, '64303588', 7, 1, 0),
(748, '60827636', 7, 1, 0),
(749, '74136352', 7, 1, 0),
(750, '73223876', 7, 1, 0),
(751, '53451538', 7, 1, 0),
(752, '84204101', 7, 1, 0),
(753, '03421020', 7, 1, 0),
(754, '21502685', 7, 1, 0),
(755, '47091674', 7, 1, 0),
(756, '97229003', 7, 1, 0),
(757, '04385375', 7, 1, 0),
(758, '82867431', 7, 1, 0),
(759, '67098999', 7, 1, 0),
(760, '84277343', 7, 1, 0),
(761, '73904418', 7, 1, 0),
(762, '16693115', 7, 1, 0),
(763, '85348510', 7, 1, 0),
(764, '79724121', 7, 1, 0),
(765, '58853149', 7, 1, 0),
(766, '32354736', 7, 1, 0),
(767, '23715209', 7, 1, 0),
(768, '67944335', 7, 1, 0),
(769, '56106567', 7, 1, 0),
(770, '89227294', 7, 1, 0),
(771, '54074096', 7, 1, 0),
(772, '83312988', 7, 1, 0),
(773, '12539672', 7, 1, 0),
(774, '96685791', 7, 1, 0),
(775, '98300170', 7, 1, 0),
(776, '10205078', 7, 1, 0),
(777, '25027465', 7, 1, 0),
(778, '14105224', 7, 1, 0),
(779, '28268432', 7, 1, 0),
(780, '82995605', 7, 1, 0),
(781, '40444946', 7, 1, 0),
(782, '50860595', 7, 1, 0),
(783, '65853881', 7, 1, 0),
(784, '86059570', 7, 1, 0),
(785, '55667114', 7, 1, 0),
(786, '66326904', 7, 1, 0),
(787, '82931518', 7, 1, 0),
(788, '53771972', 7, 1, 0),
(789, '17568969', 7, 1, 0),
(790, '69879150', 7, 1, 0),
(791, '01376342', 7, 1, 0),
(792, '70507812', 7, 1, 0),
(793, '23025512', 7, 1, 0),
(794, '20892333', 7, 1, 0),
(795, '93063354', 7, 1, 0),
(796, '70642089', 7, 1, 0),
(797, '18911743', 7, 1, 0),
(798, '28741455', 7, 1, 0),
(799, '79867553', 7, 1, 0),
(800, '38549804', 7, 1, 0),
(801, '02102661', 7, 1, 0),
(802, '52801513', 7, 1, 0),
(803, '33663940', 7, 1, 0),
(804, '08605957', 7, 1, 0),
(805, '19473266', 7, 1, 0),
(806, '02447509', 7, 1, 0),
(807, '76327514', 7, 1, 0),
(808, '65185546', 7, 1, 0),
(809, '67898559', 7, 1, 0),
(810, '37054443', 7, 1, 0),
(811, '79733276', 7, 1, 0),
(812, '42663574', 7, 1, 0),
(813, '94253540', 7, 1, 0),
(814, '65997314', 7, 1, 0),
(815, '65756225', 7, 1, 0),
(816, '25415039', 7, 1, 0),
(817, '95413208', 7, 1, 0),
(818, '48651123', 7, 1, 0),
(819, '06271362', 7, 1, 0),
(820, '47814941', 7, 1, 0),
(821, '18252563', 7, 1, 0),
(822, '94390869', 7, 1, 0),
(823, '23153686', 7, 1, 0),
(824, '94238281', 7, 1, 0),
(825, '59646606', 7, 1, 0),
(826, '62591552', 7, 1, 0),
(827, '88278198', 7, 1, 0),
(828, '99060058', 7, 1, 0),
(829, '66470336', 7, 1, 0),
(830, '62628173', 7, 1, 0),
(831, '23519897', 7, 1, 0),
(832, '46655273', 7, 1, 0),
(833, '35598754', 7, 1, 0),
(834, '53875732', 7, 1, 0),
(835, '00753784', 7, 1, 0),
(836, '71398925', 7, 1, 0),
(837, '13906860', 7, 1, 0),
(838, '45709228', 7, 1, 0),
(839, '41854858', 7, 1, 0),
(840, '57666015', 7, 1, 0),
(841, '98269653', 7, 1, 0),
(842, '97503662', 7, 1, 0),
(843, '18698120', 7, 1, 0),
(844, '39831542', 7, 1, 0),
(845, '35562133', 7, 1, 0),
(846, '18634033', 7, 1, 0),
(847, '53158569', 7, 1, 0),
(848, '02270507', 7, 1, 0),
(849, '22659301', 7, 1, 0),
(850, '68475341', 7, 1, 0),
(851, '17111206', 7, 1, 0),
(852, '79357910', 7, 1, 0),
(853, '06436157', 7, 1, 0),
(854, '56402587', 7, 1, 0),
(855, '32431030', 7, 1, 0),
(856, '55468750', 7, 1, 0),
(857, '83767700', 7, 1, 0),
(858, '41790771', 7, 1, 0),
(859, '70993041', 7, 1, 0),
(860, '64978027', 7, 1, 0),
(861, '01528930', 7, 1, 0),
(862, '34014892', 7, 1, 0),
(863, '54672241', 7, 1, 0),
(864, '92260742', 7, 1, 0),
(865, '56594848', 7, 1, 0),
(866, '92449951', 7, 1, 0),
(867, '55343627', 7, 1, 0),
(868, '71691894', 7, 1, 0),
(869, '95840454', 7, 1, 0),
(870, '26470947', 7, 1, 0),
(871, '94882202', 7, 1, 0),
(872, '87646484', 7, 1, 0),
(873, '16140747', 7, 1, 0),
(874, '95452880', 7, 1, 0),
(875, '45162963', 7, 1, 0),
(876, '74499511', 7, 1, 0),
(877, '64370727', 7, 1, 0),
(878, '08770751', 7, 1, 0),
(879, '28060913', 7, 1, 0),
(880, '16625976', 7, 1, 0),
(881, '37405395', 7, 1, 0),
(882, '25799560', 7, 1, 0),
(883, '15451049', 7, 1, 0),
(884, '48400878', 7, 1, 0),
(885, '82119750', 7, 1, 0),
(886, '55914306', 7, 1, 0),
(887, '29208374', 7, 1, 0),
(888, '54199218', 7, 1, 0),
(889, '95388793', 7, 1, 0),
(890, '58489990', 7, 1, 0),
(891, '41207885', 7, 1, 0),
(892, '68395996', 7, 1, 0),
(893, '24087524', 7, 1, 0),
(894, '42901611', 7, 1, 0),
(895, '73324584', 7, 1, 0),
(896, '75366210', 7, 1, 0),
(897, '65090942', 7, 1, 0),
(898, '68524169', 7, 1, 0),
(899, '97433471', 7, 1, 0),
(900, '09484863', 7, 1, 0),
(901, '65274047', 7, 1, 0),
(902, '44732666', 7, 1, 0),
(903, '35409545', 7, 1, 0),
(904, '55126953', 7, 1, 0),
(905, '21511840', 7, 1, 0),
(906, '30902099', 7, 1, 0),
(907, '59127807', 7, 1, 0),
(908, '46667480', 7, 1, 0),
(909, '80679321', 7, 1, 0),
(910, '36407470', 7, 1, 0),
(911, '90463256', 7, 1, 0),
(912, '68481445', 7, 1, 0),
(913, '39651489', 7, 1, 0),
(914, '20623779', 7, 1, 0),
(915, '01290893', 7, 1, 0),
(916, '54943847', 7, 1, 0),
(917, '45303344', 7, 1, 0),
(918, '92926025', 7, 1, 0),
(919, '13485717', 7, 1, 0),
(920, '90429687', 7, 1, 0),
(921, '94509887', 7, 1, 0),
(922, '12689208', 7, 1, 0),
(923, '98922729', 7, 1, 0),
(924, '09313964', 7, 1, 0),
(925, '34146118', 7, 1, 0),
(926, '89288330', 7, 1, 0),
(927, '79476928', 7, 1, 0),
(928, '95971679', 7, 1, 0),
(929, '61087036', 7, 1, 0),
(930, '82098388', 7, 1, 0),
(931, '27023315', 7, 1, 0),
(932, '84777832', 7, 1, 0),
(933, '22207641', 7, 1, 0),
(934, '00494384', 7, 1, 0),
(935, '63436889', 7, 1, 0),
(936, '60107421', 7, 1, 0),
(937, '14382934', 7, 1, 0),
(938, '03851318', 7, 1, 0),
(939, '60592651', 7, 1, 0),
(940, '56335449', 7, 1, 0),
(941, '84487915', 7, 1, 0),
(942, '01544189', 7, 1, 0),
(943, '40365600', 7, 1, 0),
(944, '57836914', 7, 1, 0),
(945, '29397583', 7, 1, 0),
(946, '52947998', 7, 1, 0),
(947, '74630737', 7, 1, 0),
(948, '98986816', 7, 1, 0),
(949, '95986938', 7, 1, 0),
(950, '67437744', 7, 1, 0),
(951, '85263061', 7, 1, 0),
(952, '64160156', 7, 1, 0),
(953, '81130981', 7, 1, 0),
(954, '04388427', 7, 1, 0),
(955, '44137573', 7, 1, 0),
(956, '87731933', 7, 1, 0),
(957, '31704711', 7, 1, 0),
(958, '73175048', 7, 1, 0),
(959, '73129272', 7, 1, 0),
(960, '54077148', 7, 1, 0),
(961, '44583129', 7, 1, 0),
(962, '33172607', 7, 1, 0),
(963, '44113159', 7, 1, 0),
(964, '97570800', 7, 1, 0),
(965, '66641235', 7, 1, 0),
(966, '93756103', 7, 1, 0),
(967, '78964233', 7, 1, 0),
(968, '02587890', 7, 1, 0),
(969, '94754028', 7, 1, 0),
(970, '14300537', 7, 1, 0),
(971, '49557495', 7, 1, 0),
(972, '03503417', 7, 1, 0),
(973, '75796508', 7, 1, 0),
(974, '04180908', 7, 1, 0),
(975, '77767944', 7, 1, 0),
(976, '84692382', 7, 1, 0),
(977, '06643676', 7, 1, 0),
(978, '22772216', 7, 1, 0),
(979, '35470581', 7, 1, 0),
(980, '80529785', 7, 1, 0),
(981, '34170532', 7, 1, 0),
(982, '79449462', 7, 1, 0),
(983, '44540405', 7, 1, 0),
(984, '75390625', 7, 1, 0),
(985, '55252075', 7, 1, 0),
(986, '33587646', 7, 1, 0),
(987, '76852416', 7, 1, 0),
(988, '03649902', 7, 1, 0),
(989, '16763305', 7, 1, 0),
(990, '94561767', 7, 1, 0),
(991, '54281616', 7, 1, 0),
(992, '49682617', 7, 1, 0),
(993, '15579223', 7, 1, 0),
(994, '21746826', 7, 1, 0),
(995, '48703002', 7, 1, 0),
(996, '47863769', 7, 1, 0),
(997, '98574829', 7, 1, 0),
(998, '24517822', 7, 1, 0),
(999, '81991577', 7, 1, 0),
(1000, '82568359', 7, 1, 0),
(1001, '62625122', 7, 1, 0),
(1002, '62249755', 7, 1, 0),
(1003, '26022338', 7, 1, 0),
(1004, '88171386', 7, 1, 0),
(1005, '54605102', 7, 1, 0),
(1006, '44317626', 7, 1, 0),
(1007, '02670288', 7, 1, 0),
(1008, '49047851', 7, 1, 0),
(1009, '71389770', 7, 1, 0),
(1010, '30096435', 7, 1, 0),
(1011, '83810424', 7, 1, 0),
(1012, '99572753', 7, 1, 0),
(1013, '59854125', 7, 1, 0),
(1014, '28961181', 7, 1, 0),
(1015, '91317749', 7, 1, 0),
(1016, '24121093', 7, 1, 0),
(1017, '16873168', 7, 1, 0),
(1018, '00286865', 7, 1, 0),
(1019, '97067260', 7, 1, 0),
(1020, '57067871', 7, 1, 0),
(1021, '89321899', 7, 1, 0),
(1022, '53448486', 7, 1, 0),
(1023, '22933959', 7, 1, 0),
(1024, '82788085', 7, 1, 0),
(1025, '74075317', 7, 1, 0),
(1026, '47821044', 7, 1, 0),
(1027, '40792846', 7, 1, 0),
(1028, '35656738', 7, 1, 0),
(1029, '18008422', 7, 1, 0),
(1030, '92779541', 7, 1, 0),
(1031, '72518920', 7, 1, 0),
(1032, '00048828', 7, 1, 0),
(1033, '17996215', 7, 1, 0),
(1034, '47698974', 7, 1, 0),
(1035, '89987182', 7, 1, 0),
(1036, '10339355', 7, 1, 0),
(1037, '20913696', 7, 1, 0),
(1038, '21954345', 7, 1, 0),
(1039, '15072631', 7, 1, 0),
(1040, '50903320', 7, 1, 0),
(1041, '23635864', 7, 1, 0),
(1042, '74920654', 7, 1, 0),
(1043, '19650268', 7, 1, 0),
(1044, '56115722', 7, 1, 0),
(1045, '73037719', 7, 1, 0),
(1046, '15972900', 7, 1, 0),
(1047, '25595092', 7, 1, 0),
(1048, '10351562', 7, 1, 0),
(1049, '65994262', 7, 1, 0),
(1050, '04486083', 7, 1, 0),
(1051, '04782104', 7, 1, 0),
(1052, '47985839', 7, 1, 0),
(1053, '49380493', 7, 1, 0),
(1054, '49835205', 7, 1, 0),
(1055, '79086303', 7, 1, 0),
(1056, '53393554', 7, 1, 0),
(1057, '20071411', 7, 1, 0),
(1058, '11395263', 7, 1, 0),
(1059, '20382690', 7, 1, 0),
(1060, '60949707', 7, 1, 0),
(1061, '24942016', 7, 1, 0),
(1062, '98541259', 7, 1, 0),
(1063, '50546264', 7, 1, 0),
(1064, '55029296', 7, 1, 0),
(1065, '60867309', 7, 1, 0),
(1066, '70648193', 7, 1, 0),
(1067, '41452026', 7, 1, 0),
(1068, '70007324', 7, 1, 0),
(1069, '74722290', 7, 1, 0),
(1070, '37091064', 7, 1, 0),
(1071, '14974975', 7, 1, 0),
(1072, '90258789', 7, 1, 0),
(1073, '63381958', 7, 1, 0),
(1074, '57244873', 7, 1, 0),
(1075, '42990112', 7, 1, 0),
(1076, '50158691', 7, 1, 0),
(1077, '73721313', 7, 1, 0),
(1078, '40484619', 7, 1, 0),
(1079, '47372436', 7, 1, 0),
(1080, '34082031', 7, 1, 0),
(1081, '02615356', 7, 1, 0),
(1082, '46185302', 7, 1, 0),
(1083, '99996948', 7, 1, 0),
(1084, '76403808', 7, 1, 0),
(1085, '96939086', 7, 1, 0),
(1086, '83721923', 7, 1, 0),
(1087, '22738647', 7, 1, 0),
(1088, '61499023', 7, 1, 0),
(1089, '53567504', 7, 1, 0),
(1090, '12469482', 7, 1, 0),
(1091, '87472534', 7, 1, 0),
(1092, '23742675', 7, 1, 0),
(1093, '19375610', 7, 1, 0),
(1094, '41802978', 7, 1, 0),
(1095, '16073608', 7, 1, 0),
(1096, '47509765', 7, 1, 0),
(1097, '91238403', 7, 1, 0),
(1098, '31097412', 7, 1, 0),
(1099, '80416870', 7, 1, 0),
(1100, '67175292', 7, 1, 0),
(1101, '16030883', 7, 1, 0),
(1102, '89727783', 7, 1, 0),
(1103, '02377319', 7, 1, 0),
(1104, '67114257', 7, 1, 0),
(1105, '90628051', 7, 1, 0),
(1106, '77069091', 7, 1, 0),
(1107, '53829956', 7, 1, 0),
(1108, '81701660', 7, 1, 0),
(1109, '61904907', 7, 1, 0),
(1110, '02496337', 7, 1, 0),
(1111, '56649780', 7, 1, 0),
(1112, '95312500', 7, 1, 0),
(1113, '26736450', 7, 1, 0),
(1114, '25384521', 7, 1, 0),
(1115, '82711791', 7, 1, 0),
(1116, '42321777', 7, 1, 0),
(1117, '31997680', 7, 1, 0),
(1118, '55108642', 7, 1, 0),
(1119, '53890991', 7, 1, 0),
(1120, '07104492', 7, 1, 0),
(1121, '74563598', 7, 1, 0),
(1122, '51043701', 7, 1, 0),
(1123, '42062377', 7, 1, 0),
(1124, '24035644', 7, 1, 0),
(1125, '01309204', 7, 1, 0),
(1126, '22564697', 7, 1, 0),
(1127, '69100952', 7, 1, 0),
(1128, '77490234', 7, 1, 0),
(1129, '09109497', 7, 1, 0),
(1130, '29046630', 7, 1, 0),
(1131, '06881713', 7, 1, 0),
(1132, '01843261', 7, 1, 0),
(1133, '44839477', 7, 1, 0),
(1134, '79864501', 7, 1, 0),
(1135, '77279663', 7, 1, 0),
(1136, '81469726', 7, 1, 0),
(1137, '05374145', 7, 1, 0),
(1138, '34393310', 7, 1, 0),
(1139, '52169799', 7, 1, 0),
(1140, '50744628', 7, 1, 0),
(1141, '37588500', 7, 1, 0),
(1142, '02008056', 7, 1, 0),
(1143, '53427124', 7, 1, 0),
(1144, '94042968', 7, 1, 0),
(1145, '38357543', 7, 1, 0),
(1146, '42083740', 7, 1, 0),
(1147, '52926635', 7, 1, 0),
(1148, '45739746', 7, 1, 0),
(1149, '54556274', 7, 1, 0),
(1150, '63995361', 7, 1, 0),
(1151, '72543334', 7, 1, 0),
(1152, '90209960', 7, 1, 0),
(1153, '83059692', 7, 1, 0),
(1154, '27117919', 7, 1, 0),
(1155, '84152221', 7, 1, 0),
(1156, '61828613', 7, 1, 0),
(1157, '70742797', 7, 1, 0),
(1158, '40826416', 7, 1, 0),
(1159, '09628295', 7, 1, 0),
(1160, '44970703', 7, 1, 0),
(1161, '14480590', 7, 1, 0),
(1162, '64495849', 7, 1, 0),
(1163, '20846557', 7, 1, 0),
(1164, '74011230', 7, 1, 0),
(1165, '61148071', 7, 1, 0),
(1166, '07501220', 7, 1, 0),
(1167, '39682006', 7, 1, 0),
(1168, '33325195', 7, 1, 0),
(1169, '07620239', 7, 1, 0),
(1170, '29217529', 7, 1, 0),
(1171, '38009643', 7, 1, 0),
(1172, '57287597', 7, 1, 0),
(1173, '00772094', 7, 1, 0),
(1174, '39019775', 7, 1, 0),
(1175, '37704467', 7, 1, 0),
(1176, '30273437', 7, 1, 0),
(1177, '37478637', 7, 1, 0),
(1178, '96282958', 7, 1, 0),
(1179, '10641479', 7, 1, 0),
(1180, '86657714', 7, 1, 0),
(1181, '64614868', 7, 1, 0),
(1182, '10382080', 7, 1, 0),
(1183, '78695678', 7, 1, 0),
(1184, '10815429', 7, 1, 0),
(1185, '79055786', 7, 1, 0),
(1186, '40692138', 7, 1, 0),
(1187, '13742065', 7, 1, 0),
(1188, '37121582', 7, 1, 0),
(1189, '27676391', 7, 1, 0),
(1190, '96588134', 7, 1, 0),
(1191, '37655639', 7, 1, 0),
(1192, '49951171', 7, 1, 0),
(1193, '07351684', 7, 1, 0),
(1194, '37445068', 7, 1, 0),
(1195, '22311401', 7, 1, 0),
(1196, '83679199', 7, 1, 0),
(1197, '64956665', 7, 1, 0),
(1198, '72637939', 7, 1, 0),
(1199, '89584350', 7, 1, 0),
(1200, '22680664', 7, 1, 0),
(1201, '97366333', 7, 1, 0),
(1202, '61541748', 7, 1, 0),
(1203, '11349487', 7, 1, 0),
(1204, '01330566', 7, 1, 0),
(1205, '51455688', 7, 1, 0),
(1206, '13531494', 7, 1, 0),
(1207, '09481811', 7, 1, 0),
(1208, '04003906', 7, 1, 0),
(1209, '24099731', 7, 1, 0),
(1210, '87982177', 7, 1, 0),
(1211, '55856323', 7, 1, 0),
(1212, '65075683', 7, 1, 0),
(1213, '62173461', 7, 1, 0),
(1214, '94268798', 7, 1, 0),
(1215, '72348022', 7, 1, 0),
(1216, '68920898', 7, 1, 0),
(1217, '62551879', 7, 1, 0),
(1218, '91766357', 7, 1, 0),
(1219, '30831909', 7, 1, 0),
(1220, '49914550', 7, 1, 0),
(1221, '72109985', 7, 1, 0),
(1222, '89849853', 7, 1, 0),
(1223, '53182983', 7, 1, 0),
(1224, '92431640', 7, 1, 0),
(1225, '87722778', 7, 1, 0),
(1226, '47894287', 7, 1, 0),
(1227, '11276245', 7, 1, 0),
(1228, '30847167', 7, 1, 0),
(1229, '56265258', 7, 1, 0),
(1230, '75274658', 7, 1, 0),
(1231, '26986694', 7, 1, 0),
(1232, '49536132', 7, 1, 0),
(1233, '74612426', 7, 1, 0),
(1234, '31365966', 7, 1, 0),
(1235, '72189331', 7, 1, 0),
(1236, '82873535', 7, 1, 0),
(1237, '89639282', 7, 1, 0),
(1238, '25543212', 7, 1, 0),
(1239, '68759155', 7, 1, 0),
(1240, '15234375', 7, 1, 0),
(1241, '98220825', 7, 1, 0),
(1242, '17181396', 7, 1, 0),
(1243, '88571166', 7, 1, 0),
(1244, '80993652', 7, 1, 0),
(1245, '47232055', 7, 1, 0),
(1246, '15655517', 7, 1, 0),
(1247, '53500366', 7, 1, 0),
(1248, '64526367', 7, 1, 0),
(1249, '33547973', 7, 1, 0),
(1250, '80340576', 7, 1, 0),
(1251, '35421752', 7, 1, 0),
(1252, '00207519', 7, 1, 0),
(1253, '04043579', 7, 1, 0),
(1254, '20611572', 7, 1, 0),
(1255, '56210327', 7, 1, 0),
(1256, '72412109', 7, 1, 0),
(1257, '55593872', 7, 1, 0),
(1258, '95843505', 7, 1, 0),
(1259, '87741088', 7, 1, 0),
(1260, '15515136', 7, 1, 0),
(1261, '35073852', 7, 1, 0),
(1262, '15411376', 7, 1, 0),
(1263, '51889038', 7, 1, 0),
(1264, '13891601', 7, 1, 0),
(1265, '39358520', 7, 1, 0),
(1266, '38690185', 7, 1, 0),
(1267, '20529174', 7, 1, 0),
(1268, '01916503', 7, 1, 0),
(1269, '15322875', 7, 1, 0),
(1270, '75054931', 7, 1, 0),
(1271, '15536499', 7, 1, 0),
(1272, '63964843', 7, 1, 0),
(1273, '59841918', 7, 1, 0),
(1274, '83880615', 7, 1, 0),
(1275, '08786010', 7, 1, 0),
(1276, '34411621', 7, 1, 0),
(1277, '19790649', 7, 1, 0),
(1278, '74542236', 7, 1, 0),
(1279, '22152709', 7, 1, 0),
(1280, '97631835', 7, 1, 0),
(1281, '92044067', 7, 1, 0),
(1282, '06414794', 7, 1, 0),
(1283, '27511596', 7, 1, 0),
(1284, '88000488', 7, 1, 0),
(1285, '23477172', 7, 1, 0),
(1286, '88873291', 7, 1, 0),
(1287, '46737670', 7, 1, 0),
(1288, '89892578', 7, 1, 0),
(1289, '10964965', 7, 1, 0),
(1290, '81292724', 7, 1, 0),
(1291, '51705932', 7, 1, 0),
(1292, '37683105', 7, 1, 0),
(1293, '01382446', 7, 1, 0),
(1294, '93048095', 7, 1, 0),
(1295, '64291381', 7, 1, 0),
(1296, '15747070', 7, 1, 0),
(1297, '91604614', 7, 1, 0),
(1298, '83514404', 7, 1, 0),
(1299, '56369018', 7, 1, 0),
(1300, '58459472', 7, 1, 0),
(1301, '28506469', 7, 1, 0),
(1302, '62066650', 7, 1, 0),
(1303, '49813842', 7, 1, 0),
(1304, '50195312', 7, 1, 0),
(1305, '08963012', 7, 1, 0),
(1306, '88079833', 7, 1, 0),
(1307, '16500854', 7, 1, 0),
(1308, '25329589', 7, 1, 0),
(1309, '79849243', 7, 1, 0),
(1310, '70928955', 7, 1, 0),
(1311, '78305053', 7, 1, 0),
(1312, '68237304', 7, 1, 0),
(1313, '38040161', 7, 1, 0),
(1314, '69989013', 7, 1, 0),
(1315, '07101440', 7, 1, 0),
(1316, '13293457', 7, 1, 0),
(1317, '30410766', 7, 1, 0),
(1318, '94635009', 7, 1, 0),
(1319, '24765014', 7, 1, 0),
(1320, '44873046', 7, 1, 0),
(1321, '53836059', 7, 1, 0),
(1322, '04241943', 7, 1, 0),
(1323, '03170776', 7, 1, 0),
(1324, '97351074', 7, 1, 0),
(1325, '55191040', 7, 1, 0),
(1326, '08184814', 7, 1, 0),
(1327, '64193725', 7, 1, 0),
(1328, '55102539', 7, 1, 0),
(1329, '31350708', 7, 1, 0),
(1330, '65838623', 7, 1, 0),
(1331, '79708862', 7, 1, 0),
(1332, '52502441', 7, 1, 0),
(1333, '29190063', 7, 1, 0),
(1334, '86578369', 7, 1, 0),
(1335, '71591186', 7, 1, 0),
(1336, '73925781', 7, 1, 0),
(1337, '45584106', 7, 1, 0),
(1338, '29779052', 7, 1, 0),
(1339, '11715698', 7, 1, 0),
(1340, '53747558', 7, 1, 0),
(1341, '27407836', 7, 1, 0),
(1342, '04815673', 7, 1, 0),
(1343, '21957397', 7, 1, 0),
(1344, '76342773', 7, 1, 0),
(1345, '71536254', 7, 1, 0),
(1346, '71063232', 7, 1, 0),
(1347, '74191284', 7, 1, 0),
(1348, '76086425', 7, 1, 0),
(1349, '24844360', 7, 1, 0),
(1350, '37896728', 7, 1, 0),
(1351, '90292358', 7, 1, 0),
(1352, '37353515', 7, 1, 0),
(1353, '84207153', 7, 1, 0),
(1354, '64691162', 7, 1, 0),
(1355, '42135620', 7, 1, 0),
(1356, '94519042', 7, 1, 0),
(1357, '96499633', 7, 1, 0),
(1358, '60821533', 7, 1, 0),
(1359, '51596069', 7, 1, 0),
(1360, '31958007', 7, 1, 0),
(1361, '58596801', 7, 1, 0),
(1362, '85662841', 7, 1, 0),
(1363, '90548706', 7, 1, 0),
(1364, '84045410', 7, 1, 0),
(1365, '17373657', 7, 1, 0),
(1366, '48590087', 7, 1, 0),
(1367, '80868530', 7, 1, 0),
(1368, '35156250', 7, 1, 0),
(1369, '69705200', 7, 1, 0),
(1370, '08978271', 7, 1, 0),
(1371, '94430541', 7, 1, 0),
(1372, '19665527', 7, 1, 0),
(1373, '62466430', 7, 1, 0),
(1374, '76202392', 7, 1, 0),
(1375, '53109741', 7, 1, 0),
(1376, '21948242', 7, 1, 0),
(1377, '92532348', 7, 1, 0),
(1378, '09637451', 7, 1, 0),
(1379, '28781127', 7, 1, 0),
(1380, '76379394', 7, 1, 0),
(1381, '06777954', 7, 1, 0),
(1382, '18658447', 7, 1, 0),
(1383, '43319702', 7, 1, 0),
(1384, '67333984', 7, 1, 0),
(1385, '02078247', 7, 1, 0),
(1386, '62640380', 7, 1, 0),
(1387, '68600463', 7, 1, 0),
(1388, '29187011', 7, 1, 0),
(1389, '25308227', 7, 1, 0),
(1390, '50958251', 7, 1, 0),
(1391, '26498413', 7, 1, 0),
(1392, '46313476', 7, 1, 0),
(1393, '73342895', 7, 1, 0),
(1394, '42987060', 7, 1, 0),
(1395, '88888549', 7, 1, 0),
(1396, '53088378', 7, 1, 0),
(1397, '93057250', 7, 1, 0),
(1398, '48101806', 7, 1, 0),
(1399, '77645874', 7, 1, 0),
(1400, '33886718', 7, 1, 0),
(1401, '81326293', 7, 1, 0),
(1402, '25677490', 7, 1, 0),
(1403, '64645385', 7, 1, 0),
(1404, '23083496', 7, 1, 0),
(1405, '85025024', 7, 1, 0),
(1406, '85089111', 7, 1, 0),
(1407, '71762084', 7, 1, 0),
(1408, '05053710', 7, 1, 0),
(1409, '01028442', 7, 1, 0),
(1410, '85711669', 7, 1, 0),
(1411, '70870971', 7, 1, 0),
(1412, '14172363', 7, 1, 0),
(1413, '76211547', 7, 1, 0),
(1414, '36920166', 7, 1, 0),
(1415, '83847045', 7, 1, 0),
(1416, '34814453', 7, 1, 0),
(1417, '07449340', 7, 1, 0),
(1418, '98089599', 7, 1, 0),
(1419, '82565307', 7, 1, 0),
(1420, '01354980', 7, 1, 0),
(1421, '41616821', 7, 1, 0),
(1422, '78594970', 7, 1, 0),
(1423, '88900756', 7, 1, 0),
(1424, '98168945', 7, 1, 0),
(1425, '75588989', 7, 1, 0),
(1426, '37811279', 7, 1, 0),
(1427, '74728393', 7, 1, 0),
(1428, '59631347', 7, 1, 0),
(1429, '56240844', 7, 1, 0),
(1430, '85113525', 7, 1, 0),
(1431, '61923217', 7, 1, 0),
(1432, '70117187', 7, 1, 0),
(1433, '80447387', 7, 1, 0),
(1434, '79876708', 7, 1, 0),
(1435, '22360229', 7, 1, 0),
(1436, '64001464', 7, 1, 0),
(1437, '95083618', 7, 1, 0),
(1438, '31475830', 7, 1, 0),
(1439, '77914428', 7, 1, 0),
(1440, '25659179', 7, 1, 0),
(1441, '97024536', 7, 1, 0),
(1442, '99285888', 7, 1, 0),
(1443, '00460815', 7, 1, 0),
(1444, '89465332', 7, 1, 0),
(1445, '33145141', 7, 1, 0),
(1446, '92681884', 7, 1, 0),
(1447, '11874389', 7, 1, 0),
(1448, '39794921', 7, 1, 0),
(1449, '00320434', 7, 1, 0),
(1450, '71038818', 7, 1, 0),
(1451, '84030151', 7, 1, 0),
(1452, '11022949', 7, 1, 0),
(1453, '45425415', 7, 1, 0),
(1454, '43731689', 7, 1, 0),
(1455, '38803100', 7, 1, 0),
(1456, '87524414', 7, 1, 0),
(1457, '65335083', 7, 1, 0),
(1458, '70135498', 7, 1, 0),
(1459, '48068237', 7, 1, 0),
(1460, '03674316', 7, 1, 0),
(1461, '06924438', 7, 1, 0),
(1462, '59625244', 7, 1, 0),
(1463, '33700561', 7, 1, 0),
(1464, '43847656', 7, 1, 0),
(1465, '67068481', 7, 1, 0),
(1466, '71575927', 7, 1, 0),
(1467, '67575073', 7, 1, 0),
(1468, '42419433', 7, 1, 0),
(1469, '92642211', 7, 1, 0),
(1470, '15362548', 7, 1, 0),
(1471, '71566772', 7, 1, 0),
(1472, '83764648', 7, 1, 0),
(1473, '80520629', 7, 1, 0),
(1474, '50360107', 7, 1, 0),
(1475, '17550659', 7, 1, 0),
(1476, '02258300', 7, 1, 0),
(1477, '77578735', 7, 1, 0),
(1478, '85943603', 7, 1, 0),
(1479, '27401733', 7, 1, 0),
(1480, '82275390', 7, 1, 0),
(1481, '80691528', 7, 1, 0),
(1482, '81488037', 7, 1, 0),
(1483, '72994995', 7, 1, 0),
(1484, '58190917', 7, 1, 0),
(1485, '36734008', 7, 1, 0),
(1486, '46368408', 7, 1, 0),
(1487, '76205444', 7, 1, 0),
(1488, '14379882', 7, 1, 0),
(1489, '42581176', 7, 1, 0),
(1490, '39959716', 7, 1, 0),
(1491, '08908081', 7, 1, 0),
(1492, '85217285', 7, 1, 0),
(1493, '45108032', 7, 1, 0),
(1494, '71636962', 7, 1, 0),
(1495, '92977905', 7, 1, 0),
(1496, '55078125', 7, 1, 0),
(1497, '41189575', 7, 1, 0),
(1498, '00775146', 7, 1, 0),
(1499, '00289916', 7, 1, 0),
(1500, '58337402', 7, 1, 0),
(1501, '77700805', 7, 1, 0),
(1502, '36749267', 7, 1, 0),
(1503, '52719116', 7, 1, 0),
(1504, '79370117', 7, 1, 0),
(1505, '51516723', 7, 1, 0),
(1506, '38934326', 7, 1, 0),
(1507, '22140502', 7, 1, 0),
(1508, '52551269', 7, 1, 0),
(1509, '09512329', 7, 1, 0),
(1510, '16705322', 7, 1, 0),
(1511, '30429077', 7, 1, 0),
(1512, '62255859', 7, 1, 0),
(1513, '48562622', 7, 1, 0),
(1514, '29437255', 7, 1, 0),
(1515, '49459838', 7, 1, 0),
(1516, '42858886', 7, 1, 0),
(1517, '15542602', 7, 1, 0),
(1518, '86505126', 7, 1, 0),
(1519, '01107788', 7, 1, 0),
(1520, '78735351', 7, 1, 0),
(1521, '07327270', 7, 1, 0),
(1522, '47283935', 7, 1, 0),
(1523, '57247924', 7, 1, 0),
(1524, '04260253', 7, 1, 0),
(1525, '70791625', 7, 1, 0),
(1526, '21148681', 7, 1, 0),
(1527, '39755249', 7, 1, 0),
(1528, '03808593', 7, 1, 0),
(1529, '02810668', 7, 1, 0),
(1530, '67474365', 7, 1, 0),
(1531, '20504760', 7, 1, 0),
(1532, '11755371', 7, 1, 0),
(1533, '50259399', 7, 1, 0),
(1534, '95635986', 7, 1, 0),
(1535, '21371459', 7, 1, 0),
(1536, '12475585', 7, 1, 0),
(1537, '10012817', 7, 1, 0),
(1538, '65008544', 7, 1, 0),
(1539, '14230346', 7, 1, 0),
(1540, '40344238', 7, 1, 0),
(1541, '28945922', 7, 1, 0),
(1542, '84967041', 7, 1, 0),
(1543, '20956420', 7, 1, 0),
(1544, '79736328', 7, 1, 0),
(1545, '03933715', 7, 1, 0),
(1546, '14886474', 7, 1, 0),
(1547, '13424682', 7, 1, 0),
(1548, '65026855', 7, 1, 0),
(1549, '81851196', 7, 1, 0),
(1550, '64141845', 7, 1, 0),
(1551, '13510131', 7, 1, 0),
(1552, '80590820', 7, 1, 0),
(1553, '59573364', 7, 1, 0),
(1554, '92108154', 7, 1, 0),
(1555, '93087768', 7, 1, 0),
(1556, '60803222', 7, 1, 0),
(1557, '83975219', 7, 1, 0),
(1558, '08160400', 7, 1, 0),
(1559, '74032592', 7, 1, 0),
(1560, '90039062', 7, 1, 0),
(1561, '51931762', 7, 1, 0),
(1562, '71673583', 7, 1, 0),
(1563, '28219604', 7, 1, 0),
(1564, '02673339', 7, 1, 0),
(1565, '10317993', 7, 1, 0),
(1566, '92022705', 7, 1, 0),
(1567, '77523803', 7, 1, 0),
(1568, '83081054', 7, 1, 0),
(1569, '56008911', 7, 1, 0),
(1570, '28582763', 7, 1, 0),
(1571, '93820190', 7, 1, 0),
(1572, '65637207', 7, 1, 0),
(1573, '35879516', 7, 1, 0),
(1574, '90728759', 7, 1, 0),
(1575, '98983764', 7, 1, 0),
(1576, '34716796', 7, 1, 0),
(1577, '46804809', 7, 1, 0),
(1578, '37835693', 7, 1, 0),
(1579, '64889526', 7, 1, 0),
(1580, '24694824', 7, 1, 0),
(1581, '35659790', 7, 1, 0),
(1582, '79278564', 7, 1, 0),
(1583, '13412475', 7, 1, 0),
(1584, '19946289', 7, 1, 0),
(1585, '99319458', 7, 1, 0),
(1586, '74432373', 7, 1, 0),
(1587, '16427612', 7, 1, 0),
(1588, '54846191', 7, 1, 0),
(1589, '84658813', 7, 1, 0),
(1590, '32672119', 7, 1, 0),
(1591, '95809936', 7, 1, 0),
(1592, '13769531', 7, 1, 0),
(1593, '88552856', 7, 1, 0),
(1594, '13372802', 7, 1, 0),
(1595, '23434448', 7, 1, 0),
(1596, '31091308', 7, 1, 0),
(1597, '57876586', 7, 1, 0),
(1598, '25909423', 7, 1, 0),
(1599, '21176147', 7, 1, 0),
(1600, '91186523', 7, 1, 0),
(1601, '89505004', 7, 1, 0),
(1602, '29656982', 7, 1, 0),
(1603, '60910034', 7, 1, 0),
(1604, '28430175', 7, 1, 0),
(1605, '30313110', 7, 1, 0),
(1606, '33990478', 7, 1, 0),
(1607, '64511108', 7, 1, 0),
(1608, '27197265', 7, 1, 0),
(1609, '77175903', 7, 1, 0),
(1610, '98284912', 7, 1, 0),
(1611, '03854370', 7, 1, 0),
(1612, '21862792', 7, 1, 0),
(1613, '76968383', 7, 1, 0),
(1614, '31915283', 7, 1, 0),
(1615, '00814819', 7, 1, 0),
(1616, '96801757', 7, 1, 0),
(1617, '26565551', 7, 1, 0),
(1618, '94256591', 7, 1, 0),
(1619, '27267456', 7, 1, 0),
(1620, '86389160', 7, 1, 0),
(1621, '72842407', 7, 1, 0),
(1622, '94683837', 7, 1, 0),
(1623, '05087280', 7, 1, 0),
(1624, '75000000', 7, 1, 0),
(1625, '12673950', 7, 1, 0),
(1626, '92572021', 7, 1, 0),
(1627, '06149291', 7, 1, 0),
(1628, '97009277', 7, 1, 0),
(1629, '92935180', 7, 1, 0),
(1630, '97296142', 7, 1, 0),
(1631, '52328491', 7, 1, 0),
(1632, '36791992', 7, 1, 0),
(1633, '10501098', 7, 1, 0),
(1634, '68231201', 7, 1, 0),
(1635, '15499877', 7, 1, 0),
(1636, '28723144', 7, 1, 0),
(1637, '12246704', 7, 1, 0),
(1638, '14752197', 7, 1, 0),
(1639, '17538452', 7, 1, 0),
(1640, '57177734', 7, 1, 0),
(1641, '95046997', 7, 1, 0),
(1642, '96234130', 7, 1, 0),
(1643, '30319213', 7, 1, 0),
(1644, '56530761', 7, 1, 0),
(1645, '05776977', 7, 1, 0),
(1646, '22052001', 7, 1, 0),
(1647, '75717163', 7, 1, 0),
(1648, '11157226', 7, 1, 0),
(1649, '41311645', 7, 1, 0),
(1650, '51580810', 7, 1, 0),
(1651, '25607299', 7, 1, 0),
(1652, '55432128', 7, 1, 0),
(1653, '48526000', 7, 1, 0),
(1654, '94195556', 7, 1, 0),
(1655, '01864624', 7, 1, 0),
(1656, '73730468', 7, 1, 0),
(1657, '24295043', 7, 1, 0),
(1658, '09271240', 7, 1, 0),
(1659, '76364135', 7, 1, 0),
(1660, '00427246', 7, 1, 0),
(1661, '15493774', 7, 1, 0),
(1662, '06182861', 7, 1, 0),
(1663, '70980834', 7, 1, 0),
(1664, '19897460', 7, 1, 0),
(1665, '18997192', 7, 1, 0),
(1666, '44305419', 7, 1, 0),
(1667, '57589721', 7, 1, 0),
(1668, '66516113', 7, 1, 0),
(1669, '81680297', 7, 1, 0),
(1670, '33013916', 7, 1, 0),
(1671, '58065795', 7, 1, 0),
(1672, '24658203', 7, 1, 0),
(1673, '00418090', 7, 1, 0),
(1674, '31683349', 7, 1, 0),
(1675, '44284057', 7, 1, 0),
(1676, '28698730', 7, 1, 0),
(1677, '22085571', 7, 1, 0),
(1678, '49688720', 7, 1, 0),
(1679, '38119506', 7, 1, 0),
(1680, '63012695', 7, 1, 0),
(1681, '43557739', 7, 1, 0),
(1682, '46405029', 7, 1, 0),
(1683, '11447143', 7, 1, 0),
(1684, '61975097', 7, 1, 0),
(1685, '11709594', 7, 1, 0),
(1686, '31207275', 7, 1, 0),
(1687, '86141967', 7, 1, 0),
(1688, '09960937', 7, 1, 0),
(1689, '23416137', 7, 1, 0),
(1690, '63470458', 7, 1, 0),
(1691, '34078979', 7, 1, 0),
(1692, '41345214', 7, 1, 0),
(1693, '25552368', 7, 1, 0),
(1694, '52569580', 7, 1, 0),
(1695, '77133178', 7, 1, 0),
(1696, '40502929', 7, 1, 0),
(1697, '14993286', 7, 1, 0),
(1698, '57879638', 7, 1, 0),
(1699, '87179565', 7, 1, 0),
(1700, '41809082', 7, 1, 0),
(1701, '38613891', 7, 1, 0),
(1702, '88775634', 7, 1, 0),
(1703, '86093139', 7, 1, 0),
(1704, '29638671', 7, 1, 0),
(1705, '93289184', 7, 1, 0),
(1706, '04632568', 7, 1, 0),
(1707, '45748901', 7, 1, 0),
(1708, '38366699', 7, 1, 0),
(1709, '25894165', 7, 1, 0),
(1710, '14825439', 7, 1, 0),
(1711, '88021850', 7, 1, 0),
(1712, '52368164', 7, 1, 0),
(1713, '33303833', 7, 1, 0),
(1714, '78729248', 7, 1, 0),
(1715, '84786987', 7, 1, 0),
(1716, '06018066', 7, 1, 0),
(1717, '62393188', 7, 1, 0),
(1718, '05718994', 7, 1, 0),
(1719, '57919311', 7, 1, 0),
(1720, '83691406', 7, 1, 0),
(1721, '10037231', 7, 1, 0),
(1722, '55169677', 7, 1, 0),
(1723, '79293823', 7, 1, 0),
(1724, '19763183', 7, 1, 0),
(1725, '23110961', 7, 1, 0),
(1726, '36456298', 7, 1, 0),
(1727, '70785522', 7, 1, 0),
(1728, '98608398', 7, 1, 0),
(1729, '98489379', 7, 1, 0),
(1730, '08953857', 7, 1, 0),
(1731, '04269409', 7, 1, 0),
(1732, '54602050', 7, 1, 0),
(1733, '83047485', 7, 1, 0),
(1734, '82037353', 7, 1, 0),
(1735, '01620483', 7, 1, 0),
(1736, '72119140', 7, 1, 0),
(1737, '73660278', 7, 1, 0),
(1738, '15081787', 7, 1, 0),
(1739, '34713745', 7, 1, 0),
(1740, '85534667', 7, 1, 0),
(1741, '17202758', 7, 1, 0),
(1742, '17462158', 7, 1, 0),
(1743, '25424194', 7, 1, 0),
(1744, '79223632', 7, 1, 0),
(1745, '10549926', 7, 1, 0),
(1746, '48553466', 7, 1, 0),
(1747, '45626831', 7, 1, 0),
(1748, '87561035', 7, 1, 0),
(1749, '00576782', 7, 1, 0),
(1750, '17730712', 7, 1, 0),
(1751, '17196655', 7, 1, 0),
(1752, '94921875', 7, 1, 0),
(1753, '84158325', 7, 1, 0),
(1754, '84368896', 7, 1, 0),
(1755, '12008666', 7, 1, 0),
(1756, '35681152', 7, 1, 0),
(1757, '08169555', 7, 1, 0),
(1758, '57843017', 7, 1, 0),
(1759, '51937866', 7, 1, 0),
(1760, '94213867', 7, 1, 0),
(1761, '69485473', 7, 1, 0),
(1762, '97528076', 7, 1, 0),
(1763, '08859252', 7, 1, 0),
(1764, '04895019', 7, 1, 0),
(1765, '14981079', 7, 1, 0),
(1766, '12799072', 7, 1, 0),
(1767, '04647827', 7, 1, 0),
(1768, '52099609', 7, 1, 0),
(1769, '41531372', 7, 1, 0),
(1770, '63031005', 7, 1, 0),
(1771, '11178588', 7, 1, 0),
(1772, '70202636', 7, 1, 0),
(1773, '96011352', 7, 1, 0),
(1774, '57598876', 7, 1, 0),
(1775, '50326538', 7, 1, 0),
(1776, '43579101', 7, 1, 0),
(1777, '75296020', 7, 1, 0),
(1778, '55877685', 7, 1, 0),
(1779, '93966674', 7, 1, 0),
(1780, '06604003', 7, 1, 0),
(1781, '26260375', 7, 1, 0),
(1782, '67242431', 7, 1, 0),
(1783, '63973999', 7, 1, 0),
(1784, '43652343', 7, 1, 0),
(1785, '45779418', 7, 1, 0),
(1786, '51068115', 7, 1, 0),
(1787, '32223510', 7, 1, 0),
(1788, '89099121', 7, 1, 0),
(1789, '80728149', 7, 1, 0),
(1790, '16729736', 7, 1, 0),
(1791, '20590209', 7, 1, 0),
(1792, '27319335', 7, 1, 0),
(1793, '27981567', 7, 1, 0),
(1794, '23602294', 7, 1, 0),
(1795, '00949096', 7, 1, 0),
(1796, '92687988', 7, 1, 0),
(1797, '34414672', 7, 1, 0),
(1798, '81060791', 7, 1, 0),
(1799, '95175170', 7, 1, 0),
(1800, '69580078', 7, 1, 0),
(1801, '96902465', 7, 1, 0),
(1802, '48480224', 7, 1, 0),
(1803, '75143432', 7, 1, 0),
(1804, '92370605', 7, 1, 0),
(1805, '62319946', 7, 1, 0),
(1806, '35235595', 7, 1, 0),
(1807, '62728881', 7, 1, 0),
(1808, '45434570', 7, 1, 0),
(1809, '27542114', 7, 1, 0),
(1810, '00701904', 7, 1, 0),
(1811, '29806518', 7, 1, 0),
(1812, '63146972', 7, 1, 0),
(1813, '39443969', 7, 1, 0),
(1814, '54254150', 7, 1, 0),
(1815, '98251342', 7, 1, 0),
(1816, '29882812', 7, 1, 0),
(1817, '94900512', 7, 1, 0),
(1818, '55267333', 7, 1, 0),
(1819, '39938354', 7, 1, 0),
(1820, '80017089', 7, 1, 0),
(1821, '40786743', 7, 1, 0),
(1822, '13116455', 7, 1, 0),
(1823, '76742553', 7, 1, 0),
(1824, '97924804', 7, 1, 0),
(1825, '73977661', 7, 1, 0),
(1826, '87176513', 7, 1, 0),
(1827, '80538940', 7, 1, 0),
(1828, '17980957', 7, 1, 0),
(1829, '41348266', 7, 1, 0),
(1830, '86822509', 7, 1, 0),
(1831, '73202514', 7, 1, 0),
(1832, '24560546', 7, 1, 0),
(1833, '39773559', 7, 1, 0),
(1834, '71429443', 7, 1, 0),
(1835, '26608276', 7, 1, 0),
(1836, '52038574', 7, 1, 0),
(1837, '16128540', 7, 1, 0),
(1838, '50372314', 7, 1, 0),
(1839, '62631225', 7, 1, 0),
(1840, '84790039', 7, 1, 0),
(1841, '67288208', 7, 1, 0),
(1842, '83026123', 7, 1, 0),
(1843, '53146362', 7, 1, 0),
(1844, '57189941', 7, 1, 0),
(1845, '40127563', 7, 1, 0),
(1846, '78765869', 7, 1, 0),
(1847, '20028686', 7, 1, 0),
(1848, '53613281', 7, 1, 0),
(1849, '31521606', 7, 1, 0),
(1850, '96966552', 7, 1, 0),
(1851, '35153198', 7, 1, 0),
(1852, '08435058', 7, 1, 0),
(1853, '88345336', 7, 1, 0),
(1854, '47003173', 7, 1, 0),
(1855, '20394897', 7, 1, 0),
(1856, '06030273', 7, 1, 0),
(1857, '07473754', 7, 1, 0),
(1858, '88250732', 7, 1, 0),
(1859, '47628784', 7, 1, 0),
(1860, '80773925', 7, 1, 0),
(1861, '35781860', 7, 1, 0),
(1862, '30084228', 7, 1, 0),
(1863, '38729858', 7, 1, 0),
(1864, '17041015', 7, 1, 0),
(1865, '70144653', 7, 1, 0),
(1866, '31878662', 7, 1, 0),
(1867, '65573120', 7, 1, 0),
(1868, '49206542', 7, 1, 0),
(1869, '57437133', 7, 1, 0),
(1870, '03009033', 7, 1, 0),
(1871, '50033569', 7, 1, 0),
(1872, '61645507', 7, 1, 0),
(1873, '94534301', 7, 1, 0),
(1874, '02850341', 7, 1, 0),
(1875, '63986206', 7, 1, 0),
(1876, '88732910', 7, 1, 0),
(1877, '28311157', 7, 1, 0),
(1878, '40777587', 7, 1, 0),
(1879, '29306030', 7, 1, 0),
(1880, '14843750', 7, 1, 0),
(1881, '55642700', 7, 1, 0),
(1882, '76165771', 7, 1, 0),
(1883, '17868041', 7, 1, 0),
(1884, '74353027', 7, 1, 0),
(1885, '23403930', 7, 1, 0),
(1886, '18389892', 7, 1, 0),
(1887, '51547241', 7, 1, 0),
(1888, '51635742', 7, 1, 0),
(1889, '28469848', 7, 1, 0),
(1890, '26824951', 7, 1, 0),
(1891, '02218627', 7, 1, 0),
(1892, '81066894', 7, 1, 0),
(1893, '17715454', 7, 1, 0),
(1894, '10845947', 7, 1, 0),
(1895, '91757202', 7, 1, 0),
(1896, '47021484', 7, 1, 0),
(1897, '88015747', 7, 1, 0),
(1898, '29827880', 7, 1, 0);
INSERT INTO `carte_test` (`id`, `num_serie`, `id_lot`, `etat`, `assemble`) VALUES
(1899, '92037963', 7, 1, 0),
(1900, '83874511', 7, 1, 0),
(1901, '86245727', 7, 1, 0),
(1902, '93145751', 7, 1, 0),
(1903, '24935913', 7, 1, 0),
(1904, '76000976', 7, 1, 0),
(1905, '09280395', 7, 1, 0),
(1906, '60174560', 7, 1, 0),
(1907, '62326049', 7, 1, 0),
(1908, '57775878', 7, 1, 0),
(1909, '03994750', 7, 1, 0),
(1910, '40289306', 7, 1, 0),
(1911, '26083374', 7, 1, 0),
(1912, '13574218', 7, 1, 0),
(1913, '67263793', 7, 1, 0),
(1914, '92864990', 7, 1, 0),
(1915, '88082885', 7, 1, 0),
(1916, '77770996', 7, 1, 0),
(1917, '45962524', 7, 1, 0),
(1918, '27276611', 7, 1, 0),
(1919, '70199584', 7, 1, 0),
(1920, '34741210', 7, 1, 0),
(1921, '36965942', 7, 1, 0),
(1922, '02899169', 7, 1, 0),
(1923, '44308471', 7, 1, 0),
(1924, '18859863', 7, 1, 0),
(1925, '87149047', 7, 1, 0),
(1926, '29107666', 7, 1, 0),
(1927, '32284545', 7, 1, 0),
(1928, '14501953', 7, 1, 0),
(1929, '93386840', 7, 1, 0),
(1930, '65277099', 7, 1, 0),
(1931, '06002807', 7, 1, 0),
(1932, '56042480', 7, 1, 0),
(1933, '02554321', 7, 1, 0),
(1934, '20782470', 7, 1, 0),
(1935, '87338256', 7, 1, 0),
(1936, '27856445', 7, 1, 0),
(1937, '11526489', 7, 1, 0),
(1938, '54998779', 7, 1, 0),
(1939, '48165893', 7, 1, 0),
(1940, '64318847', 7, 1, 0),
(1941, '67178344', 7, 1, 0),
(1942, '77301025', 7, 1, 0),
(1943, '10360717', 7, 1, 0),
(1944, '49804687', 7, 1, 0),
(1945, '66384887', 7, 1, 0),
(1946, '47064208', 7, 1, 0),
(1947, '45797729', 7, 1, 0),
(1948, '18688964', 7, 1, 0),
(1949, '56021118', 7, 1, 0),
(1950, '73663330', 7, 1, 0),
(1951, '76351928', 7, 1, 0),
(1952, '55346679', 7, 1, 0),
(1953, '32962036', 7, 1, 0),
(1954, '16473388', 7, 1, 0),
(1955, '73898315', 7, 1, 0),
(1956, '94152832', 7, 1, 0),
(1957, '44082641', 7, 1, 0),
(1958, '84869384', 7, 1, 0),
(1959, '60311889', 7, 1, 0),
(1960, '19482421', 7, 1, 0),
(1961, '86257934', 7, 1, 0),
(1962, '38226318', 7, 1, 0),
(1963, '07467651', 7, 1, 0),
(1964, '65710449', 7, 1, 0),
(1965, '06362915', 7, 1, 0),
(1966, '85919189', 7, 1, 0),
(1967, '37240600', 7, 1, 0),
(1968, '17211914', 7, 1, 0),
(1969, '01272583', 7, 1, 0),
(1970, '87322998', 7, 1, 0),
(1971, '21505737', 7, 1, 0),
(1972, '08361816', 7, 1, 0),
(1973, '17861938', 7, 1, 0),
(1974, '51812744', 7, 1, 0),
(1975, '82138061', 7, 1, 0),
(1976, '23535156', 7, 1, 0),
(1977, '53005981', 7, 1, 0),
(1978, '38763427', 7, 1, 0),
(1979, '91012573', 7, 1, 0),
(1980, '97106933', 7, 1, 0),
(1981, '53579711', 7, 1, 0),
(1982, '57550048', 7, 1, 0),
(1983, '70004272', 7, 1, 0),
(1984, '13452148', 7, 1, 0),
(1985, '16458129', 7, 1, 0),
(1986, '67547607', 7, 1, 0),
(1987, '90988159', 7, 1, 0),
(1988, '06945800', 7, 1, 0),
(1989, '88516235', 7, 1, 0),
(1990, '78131103', 7, 1, 0),
(1991, '75839233', 7, 1, 0),
(1992, '61962890', 7, 1, 0),
(1993, '66629028', 7, 1, 0),
(1994, '48675537', 7, 1, 0),
(1995, '96432495', 7, 1, 0),
(1996, '12878417', 7, 1, 0),
(1997, '97671508', 7, 1, 0),
(1998, '88555908', 7, 1, 0),
(1999, '74642944', 7, 1, 0),
(2000, '44067382', 7, 1, 0),
(2001, '78518676', 7, 1, 0),
(2002, '57147216', 7, 1, 0),
(2003, '82345581', 7, 1, 0),
(2004, '89904785', 7, 1, 0),
(2005, '56045532', 7, 1, 0),
(2006, '63824462', 7, 1, 0),
(2007, '41415405', 7, 1, 0),
(2008, '34765625', 7, 1, 0),
(2009, '27127075', 7, 1, 0),
(2010, '67962646', 7, 1, 0),
(2011, '23727416', 7, 1, 0),
(2012, '13024902', 7, 1, 0),
(2013, '38638305', 7, 1, 0),
(2014, '78936767', 7, 1, 0),
(2015, '51156616', 7, 1, 0),
(2016, '09057617', 7, 1, 0),
(2017, '87454223', 7, 1, 0),
(2018, '56121826', 7, 1, 0),
(2019, '95578002', 7, 1, 0),
(2020, '57238769', 7, 1, 0),
(2021, '20449829', 7, 1, 0),
(2022, '08892822', 7, 1, 0),
(2023, '78866577', 7, 1, 0),
(2024, '41943359', 7, 1, 0),
(2025, '34500122', 7, 1, 0),
(2026, '96624755', 7, 1, 0),
(2027, '72897338', 7, 1, 0),
(2028, '97546386', 7, 1, 0),
(2029, '76480102', 7, 1, 0),
(2030, '28692626', 7, 1, 0),
(2031, '99545288', 7, 1, 0),
(2032, '08422851', 7, 1, 0),
(2033, '43264770', 7, 1, 0),
(2034, '64471435', 7, 1, 0),
(2035, '30685424', 7, 1, 0),
(2036, '08947753', 7, 1, 0),
(2037, '81729125', 7, 1, 0),
(2038, '13336181', 7, 1, 0),
(2039, '88192749', 7, 1, 0),
(2040, '83496093', 7, 1, 0),
(2041, '88748168', 7, 1, 0),
(2042, '34661865', 7, 1, 0),
(2043, '43942260', 7, 1, 0),
(2044, '66442871', 7, 1, 0),
(2045, '11196899', 7, 1, 0),
(2046, '37823486', 7, 1, 0),
(2047, '19808959', 7, 1, 0),
(2048, '42163085', 7, 1, 0),
(2049, '13247680', 8, 1, 0),
(2050, '11358642', 8, 1, 0),
(2051, '85140991', 8, 1, 0),
(2052, '13354492', 8, 1, 0),
(2053, '55813598', 8, 1, 0),
(2054, '07293701', 8, 1, 0),
(2055, '73312377', 8, 1, 0),
(2056, '30285644', 8, 1, 0),
(2057, '82559204', 8, 1, 0),
(2058, '78814697', 8, 1, 0),
(2059, '45950317', 9, 1, 0),
(2060, '82196044', 9, 1, 0),
(2061, '87667846', 9, 1, 0),
(2062, '45031738', 9, 1, 0),
(2063, '39883422', 9, 1, 0),
(2064, '77154541', 9, 1, 0),
(2065, '69393920', 9, 1, 0),
(2066, '59423828', 9, 1, 0),
(2067, '89871215', 9, 1, 0),
(2068, '82073974', 9, 1, 0),
(2069, '36862182', 9, 1, 0),
(2070, '19714355', 9, 1, 0),
(2071, '42788696', 9, 1, 0),
(2072, '06329345', 9, 1, 0),
(2073, '11947631', 9, 1, 0),
(2074, '10278320', 9, 1, 0),
(2075, '95510864', 9, 1, 0),
(2076, '09295654', 9, 1, 0),
(2077, '66525268', 9, 1, 0),
(2078, '65490722', 9, 1, 0),
(2079, '94912719', 9, 1, 0),
(2080, '00347900', 9, 1, 0),
(2081, '22470092', 9, 1, 0),
(2082, '69726562', 9, 1, 0),
(2083, '37869262', 9, 1, 0),
(2084, '38861083', 9, 1, 0),
(2085, '51657104', 9, 1, 0),
(2086, '57360839', 9, 1, 0),
(2087, '71255493', 9, 1, 0),
(2088, '34210205', 9, 1, 0),
(2089, '75961303', 9, 1, 0),
(2090, '12768554', 9, 1, 0),
(2091, '91946411', 9, 1, 0),
(2092, '45770263', 9, 1, 0),
(2093, '67257690', 9, 1, 0),
(2094, '70324707', 9, 1, 0),
(2095, '46817016', 9, 1, 0),
(2096, '82916259', 9, 1, 0),
(2097, '47421264', 9, 1, 0),
(2098, '14404296', 9, 1, 0),
(2099, '32742309', 9, 1, 0),
(2100, '05023193', 9, 1, 0),
(2101, '88327026', 9, 1, 0),
(2102, '79382324', 9, 1, 0),
(2103, '96597290', 9, 1, 0),
(2104, '21466064', 9, 1, 0),
(2105, '11849975', 9, 1, 0),
(2106, '49633789', 9, 1, 0),
(2107, '35256958', 9, 1, 0),
(2108, '91619873', 9, 1, 0),
(2109, '89865112', 9, 1, 0),
(2110, '59533691', 9, 1, 0),
(2111, '95596313', 9, 1, 0),
(2112, '24859619', 9, 1, 0),
(2113, '44247436', 9, 1, 0),
(2114, '93457031', 9, 1, 0),
(2115, '74490356', 9, 1, 0),
(2116, '80560302', 9, 1, 0),
(2117, '46871948', 9, 1, 0),
(2118, '85778808', 9, 1, 0),
(2119, '18814086', 9, 1, 0),
(2120, '68096923', 9, 1, 0),
(2121, '19613647', 9, 1, 0),
(2122, '20874023', 9, 1, 0),
(2123, '25442504', 9, 1, 0),
(2124, '46844482', 9, 1, 0),
(2125, '34347534', 9, 1, 0),
(2126, '33117675', 9, 1, 0),
(2127, '41250610', 9, 1, 0),
(2128, '26177978', 9, 1, 0),
(2129, '12948608', 9, 1, 0),
(2130, '06884765', 9, 1, 0),
(2131, '63113403', 9, 1, 0),
(2132, '65472412', 9, 1, 0),
(2133, '27291870', 9, 1, 0),
(2134, '76550292', 9, 1, 0),
(2135, '37905883', 9, 1, 0),
(2136, '74102783', 9, 1, 0),
(2137, '99252319', 9, 1, 0),
(2138, '26489257', 9, 1, 0),
(2139, '62503051', 9, 1, 0),
(2140, '11444091', 9, 1, 0),
(2141, '00704956', 9, 1, 0),
(2142, '91076660', 9, 1, 0),
(2143, '83779907', 9, 1, 0),
(2144, '86871337', 9, 1, 0),
(2145, '53524780', 9, 1, 0),
(2146, '54687500', 9, 1, 0),
(2147, '98611450', 9, 1, 0),
(2148, '59759521', 9, 1, 0),
(2149, '29586791', 9, 1, 0),
(2150, '51696777', 9, 1, 0),
(2151, '53872680', 9, 1, 0),
(2152, '39483642', 9, 1, 0),
(2153, '50765991', 9, 1, 0),
(2154, '66479492', 9, 1, 0),
(2155, '46438598', 9, 1, 0),
(2156, '85418701', 9, 1, 0),
(2157, '88937377', 9, 1, 0),
(2158, '33410644', 9, 1, 0);

-- --------------------------------------------------------

--
-- Structure de la table `client`
--

CREATE TABLE IF NOT EXISTS `client` (
  `id` int(11) NOT NULL AUTO_INCREMENT,
  `nom` varchar(100) NOT NULL,
  `ref_compta` varchar(50) NOT NULL,
  PRIMARY KEY (`id`)
) ENGINE=InnoDB DEFAULT CHARSET=latin1 AUTO_INCREMENT=1 ;

-- --------------------------------------------------------

--
-- Structure de la table `composant`
--

CREATE TABLE IF NOT EXISTS `composant` (
  `id` int(11) NOT NULL AUTO_INCREMENT,
  `nom` varchar(250) NOT NULL,
  `info` text,
  `boitier` varchar(100) DEFAULT NULL,
  `stock_interne` int(11) NOT NULL,
  `stock_mini` int(11) NOT NULL,
  `id_famille` int(11) NOT NULL,
  `id_sous_famille` int(3) DEFAULT NULL,
  PRIMARY KEY (`id`),
  KEY `famille` (`id_famille`)
) ENGINE=InnoDB  DEFAULT CHARSET=latin1 AUTO_INCREMENT=12 ;

--
-- Contenu de la table `composant`
--

INSERT INTO `composant` (`id`, `nom`, `info`, `boitier`, `stock_interne`, `stock_mini`, `id_famille`, `id_sous_famille`) VALUES
(1, 'Test 1', '', '0608', 487, 1000, 1, 1),
(2, 'Test 2', '', '0608', 10, 10, 1, 2),
(3, 'Test 3', '', '1012', 3450, 5000, 2, 3),
(4, 'Test 4', '', '0406', 100, 100, 1, 1),
(5, 'Test 5', '', '0608', 15800, 2000, 1, 1),
(8, 'test 6', NULL, '1214', 200, 200, 3, NULL),
(9, 'test 7', NULL, '1012', 2005, 100, 4, NULL),
(10, 'test 0', NULL, '', 10000, 10000, 1, 1),
(11, 'face avant', NULL, '30', 100, 100, 3, 8);

-- --------------------------------------------------------

--
-- Structure de la table `composant_fournisseur`
--

CREATE TABLE IF NOT EXISTS `composant_fournisseur` (
  `id` int(10) NOT NULL AUTO_INCREMENT,
  `reference` varchar(250) NOT NULL,
  `prix` float NOT NULL,
  `id_composant` int(10) NOT NULL,
  `id_fournisseur` int(10) NOT NULL,
  PRIMARY KEY (`id`)
) ENGINE=InnoDB  DEFAULT CHARSET=latin1 AUTO_INCREMENT=19 ;

--
-- Contenu de la table `composant_fournisseur`
--

INSERT INTO `composant_fournisseur` (`id`, `reference`, `prix`, `id_composant`, `id_fournisseur`) VALUES
(2, 'MC0063W0603110K2', 0.012, 2, 1),
(3, 'DFSGSDFGFDSGFDS', 0.002, 1, 2),
(4, 'HGJJFGZSTHRZH', 2.56, 3, 1),
(5, 'HSRJTEYKUYKIYUK', 0.0021, 3, 2),
(6, 'RYUKFHSRFHRTHRZS', 457, 5, 1),
(7, 'JTEYJTYJDFGHJDYTDJ', 0.1, 5, 3),
(13, 'FRGHHJJGFE', 1, 1, 1),
(14, 'TRHTREDHTRHE', 10, 4, 2),
(15, 'TRHTREDHTRHE', 10, 11, 3),
(16, 'TRHTREDHTRHE', 10, 10, 1),
(17, 'KNJGBNBJKFDNJFBNJKL', 10, 8, 2),
(18, 'TRHTREDHTRHE', 0.1222, 9, 1);

-- --------------------------------------------------------

--
-- Structure de la table `composant_nomenclature`
--

CREATE TABLE IF NOT EXISTS `composant_nomenclature` (
  `id` int(11) NOT NULL AUTO_INCREMENT,
  `id_composant` int(11) NOT NULL,
  `id_version` int(11) NOT NULL,
  `quantite` int(11) NOT NULL,
  `position` text,
  `option_st` int(1) NOT NULL,
  PRIMARY KEY (`id`)
) ENGINE=InnoDB  DEFAULT CHARSET=latin1 AUTO_INCREMENT=36 ;

--
-- Contenu de la table `composant_nomenclature`
--

INSERT INTO `composant_nomenclature` (`id`, `id_composant`, `id_version`, `quantite`, `position`, `option_st`) VALUES
(1, 1, 4, 5, 'U1,U2', 0),
(2, 3, 4, 10, 'D1,D2', 0),
(3, 5, 4, 2, 'A1,A2', 1),
(4, 2, 3, 3, 'A1,A2', 0),
(5, 3, 3, 5, 'D1,D2,D8,D9', 0),
(24, 2, 8, 5, 'U5', 0),
(25, 4, 8, 1, '0', 1),
(26, 5, 8, 2, '0', 0),
(31, 1, 13, 10, '', 0),
(32, 4, 13, 5, '', 0),
(33, 1, 14, 2, '', 0),
(34, 2, 14, 5, '', 0),
(35, 3, 14, 3, '', 0);

-- --------------------------------------------------------

--
-- Structure de la table `composant_sous_traitant`
--

CREATE TABLE IF NOT EXISTS `composant_sous_traitant` (
  `id` int(11) NOT NULL AUTO_INCREMENT,
  `id_sous_traitant` int(11) DEFAULT NULL,
  `id_composant` int(11) NOT NULL,
  `quantite` int(11) NOT NULL,
  PRIMARY KEY (`id`)
) ENGINE=InnoDB  DEFAULT CHARSET=latin1 AUTO_INCREMENT=10 ;

--
-- Contenu de la table `composant_sous_traitant`
--

INSERT INTO `composant_sous_traitant` (`id`, `id_sous_traitant`, `id_composant`, `quantite`) VALUES
(1, 2, 2, 0),
(2, 2, 3, 0),
(3, 2, 5, 190),
(4, 2, 4, 200),
(5, 2, 1, 0),
(6, 1, 2, 0),
(7, 1, 3, 0),
(8, 1, 5, 0),
(9, 1, 1, 0);

-- --------------------------------------------------------

--
-- Structure de la table `erreur_test`
--

CREATE TABLE IF NOT EXISTS `erreur_test` (
  `id` int(11) NOT NULL AUTO_INCREMENT,
  `num_serie` varchar(250) NOT NULL,
  `id_etape` int(11) NOT NULL,
  `reprise` int(11) NOT NULL,
  `date_test` date NOT NULL,
  PRIMARY KEY (`id`)
) ENGINE=InnoDB DEFAULT CHARSET=latin1 AUTO_INCREMENT=1 ;

-- --------------------------------------------------------

--
-- Structure de la table `etape`
--

CREATE TABLE IF NOT EXISTS `etape` (
  `id` int(11) NOT NULL AUTO_INCREMENT,
  `nom` text NOT NULL,
  PRIMARY KEY (`id`)
) ENGINE=InnoDB DEFAULT CHARSET=latin1 AUTO_INCREMENT=1 ;

-- --------------------------------------------------------

--
-- Structure de la table `famille`
--

CREATE TABLE IF NOT EXISTS `famille` (
  `id` int(11) NOT NULL AUTO_INCREMENT,
  `nom` varchar(250) NOT NULL,
  PRIMARY KEY (`id`)
) ENGINE=InnoDB  DEFAULT CHARSET=latin1 AUTO_INCREMENT=5 ;

--
-- Contenu de la table `famille`
--

INSERT INTO `famille` (`id`, `nom`) VALUES
(1, 'Composant'),
(2, 'PCB'),
(3, 'Boitier'),
(4, 'Accessoire');

-- --------------------------------------------------------

--
-- Structure de la table `firmware`
--

CREATE TABLE IF NOT EXISTS `firmware` (
  `id` int(10) NOT NULL AUTO_INCREMENT,
  `nom` varchar(250) NOT NULL,
  `id_nomenclature` int(3) NOT NULL,
  `commentaire` text NOT NULL,
  PRIMARY KEY (`id`)
) ENGINE=InnoDB  DEFAULT CHARSET=latin1 AUTO_INCREMENT=5 ;

--
-- Contenu de la table `firmware`
--

INSERT INTO `firmware` (`id`, `nom`, `id_nomenclature`, `commentaire`) VALUES
(1, 'Firmware 1 pour 7201-U', 1, 'TEST commencatire'),
(2, 'Firmware 2 pour 7201-U', 1, ''),
(3, 'Firmware 1 pour 7701-U', 2, ''),
(4, 'Firmware De test ', 3, '');

-- --------------------------------------------------------

--
-- Structure de la table `fournisseur`
--

CREATE TABLE IF NOT EXISTS `fournisseur` (
  `id` int(11) NOT NULL AUTO_INCREMENT,
  `nom` varchar(250) NOT NULL,
  `contact` varchar(100) DEFAULT NULL,
  `email` varchar(250) DEFAULT NULL,
  `numero` int(11) DEFAULT NULL,
  `site` varchar(250) DEFAULT NULL,
  `type` int(11) NOT NULL,
  PRIMARY KEY (`id`)
) ENGINE=InnoDB  DEFAULT CHARSET=latin1 AUTO_INCREMENT=9 ;

--
-- Contenu de la table `fournisseur`
--

INSERT INTO `fournisseur` (`id`, `nom`, `contact`, `email`, `numero`, `site`, `type`) VALUES
(1, 'FARNELL', 'test', '', 637179932, '', 1),
(2, 'RS', '', '', 0, '', 1),
(3, 'WURTH', '', '', 0, '', 1),
(4, 'FOURNISSEUR 4', '', '', 0, '', 4),
(5, 'TW', '', '', 0, '', 2),
(6, 'CV', '', '', 0, '', 3),
(7, 'FOURNISSEUR ID', '', '', 781657638, '', 2),
(8, 'TEST', '', '', 0, '', 3);

-- --------------------------------------------------------

--
-- Structure de la table `histo_appro`
--

CREATE TABLE IF NOT EXISTS `histo_appro` (
  `id` int(11) NOT NULL AUTO_INCREMENT,
  `id_fournisseur` int(11) NOT NULL,
  `id_produit` int(11) NOT NULL,
  `type_produit` int(11) NOT NULL,
  `quantite` int(11) NOT NULL,
  `date_appro` date NOT NULL,
  PRIMARY KEY (`id`)
) ENGINE=InnoDB DEFAULT CHARSET=latin1 AUTO_INCREMENT=1 ;

-- --------------------------------------------------------

--
-- Structure de la table `histo_prod`
--

CREATE TABLE IF NOT EXISTS `histo_prod` (
  `id` int(11) NOT NULL AUTO_INCREMENT,
  `id_version` int(11) NOT NULL,
  `quantite` int(11) NOT NULL,
  `date_prod` date NOT NULL,
  `lieu` int(11) NOT NULL,
  PRIMARY KEY (`id`)
) ENGINE=InnoDB DEFAULT CHARSET=latin1 AUTO_INCREMENT=1 ;

-- --------------------------------------------------------

--
-- Structure de la table `histo_vente_badge`
--

CREATE TABLE IF NOT EXISTS `histo_vente_badge` (
  `id` int(11) NOT NULL AUTO_INCREMENT,
  `id_client` int(11) NOT NULL,
  `id_type_badge` int(11) DEFAULT NULL,
  `quantite` int(11) NOT NULL,
  `date_vente` date DEFAULT NULL,
  PRIMARY KEY (`id`)
) ENGINE=InnoDB DEFAULT CHARSET=latin1 AUTO_INCREMENT=1 ;

-- --------------------------------------------------------

--
-- Structure de la table `histo_vente_lecteur`
--

CREATE TABLE IF NOT EXISTS `histo_vente_lecteur` (
  `id` int(11) NOT NULL AUTO_INCREMENT,
  `id_client` int(11) DEFAULT NULL,
  `num_serie` varchar(100) NOT NULL,
  `id_lecteur` int(10) NOT NULL,
  `date_prod` date NOT NULL,
  `date_vente` date NOT NULL,
  PRIMARY KEY (`id`)
) ENGINE=InnoDB DEFAULT CHARSET=latin1 AUTO_INCREMENT=1 ;

-- --------------------------------------------------------

--
-- Structure de la table `lecteur`
--

CREATE TABLE IF NOT EXISTS `lecteur` (
  `id` int(11) NOT NULL AUTO_INCREMENT,
  `num_serie` varchar(100) NOT NULL,
  `id_lecteur` int(11) NOT NULL,
  `id_firmware` int(4) NOT NULL,
  `date_prod` date NOT NULL,
  `date_creation` date DEFAULT NULL,
  PRIMARY KEY (`id`)
) ENGINE=InnoDB  DEFAULT CHARSET=latin1 AUTO_INCREMENT=10 ;

--
-- Contenu de la table `lecteur`
--

INSERT INTO `lecteur` (`id`, `num_serie`, `id_lecteur`, `id_firmware`, `date_prod`, `date_creation`) VALUES
(1, '123', 1, 0, '0000-00-00', '2015-12-14'),
(2, '1324', 1, 0, '0000-00-00', '2015-12-14'),
(3, '13245', 2, 0, '0000-00-00', '2015-12-14'),
(4, '789', 2, 0, '0000-00-00', '2015-12-14'),
(5, '78946', 1, 0, '0000-00-00', '2015-12-14'),
(6, '45345', 1, 0, '0000-00-00', '2015-12-02'),
(7, '453453', 2, 0, '0000-00-00', '2015-12-09'),
(8, '5365643', 2, 0, '0000-00-00', '2015-12-17'),
(9, '45634563', 2, 0, '0000-00-00', '2015-12-01');

-- --------------------------------------------------------

--
-- Structure de la table `lecteur_autre`
--

CREATE TABLE IF NOT EXISTS `lecteur_autre` (
  `id` int(10) NOT NULL AUTO_INCREMENT,
  `num_serie` varchar(100) NOT NULL,
  `id_lecteur_autre` int(10) NOT NULL,
  `date_ajout` date NOT NULL,
  PRIMARY KEY (`id`)
) ENGINE=InnoDB  DEFAULT CHARSET=latin1 AUTO_INCREMENT=110 ;

--
-- Contenu de la table `lecteur_autre`
--

INSERT INTO `lecteur_autre` (`id`, `num_serie`, `id_lecteur_autre`, `date_ajout`) VALUES
(1, '1', 3, '2016-03-16'),
(2, '2', 3, '2016-03-16'),
(3, '3', 3, '2016-03-16'),
(4, '4', 3, '2016-03-16'),
(5, '5', 3, '2016-03-16'),
(6, '1', 1, '2016-03-16'),
(7, '2', 1, '2016-03-16'),
(8, '3', 2, '2016-03-16'),
(9, '4', 2, '2016-03-16'),
(10, '1', 1, '2016-03-16'),
(11, '2', 1, '2016-03-16'),
(12, '3', 2, '2016-03-16'),
(13, '4', 2, '2016-03-16'),
(14, '1', 1, '2016-03-16'),
(15, '2', 1, '2016-03-16'),
(16, '3', 2, '2016-03-16'),
(17, '4', 2, '2016-03-16'),
(18, '1', 1, '2016-03-16'),
(19, '2', 1, '2016-03-16'),
(20, '3', 2, '2016-03-16'),
(21, '4', 2, '2016-03-16'),
(22, '1', 1, '2016-03-16'),
(23, '2', 1, '2016-03-16'),
(24, '3', 2, '2016-03-16'),
(25, '4', 2, '2016-03-16'),
(26, '1', 1, '2016-03-16'),
(27, '2', 1, '2016-03-16'),
(28, '3', 2, '2016-03-16'),
(29, '4', 2, '2016-03-16'),
(30, '1', 1, '2016-03-16'),
(31, '2', 1, '2016-03-16'),
(32, '3', 2, '2016-03-16'),
(33, '4', 2, '2016-03-16'),
(34, '1', 1, '2016-03-16'),
(35, '2', 1, '2016-03-16'),
(36, '3', 2, '2016-03-16'),
(37, '4', 2, '2016-03-16'),
(38, '1', 1, '2016-03-16'),
(39, '2', 1, '2016-03-16'),
(40, '3', 2, '2016-03-16'),
(41, '4', 2, '2016-03-16'),
(42, '1', 1, '2016-03-16'),
(43, '2', 1, '2016-03-16'),
(44, '3', 2, '2016-03-16'),
(45, '4', 2, '2016-03-16'),
(46, '1', 1, '2016-03-16'),
(47, '23', 1, '2016-03-16'),
(48, '2', 2, '2016-03-16'),
(49, '3', 2, '2016-03-16'),
(50, '1', 1, '2016-03-16'),
(51, '23', 1, '2016-03-16'),
(52, '2', 2, '2016-03-16'),
(53, '3', 2, '2016-03-16'),
(54, '1', 1, '2016-03-16'),
(55, '2', 1, '2016-03-16'),
(56, '3', 2, '2016-03-16'),
(57, '4', 2, '2016-03-16'),
(58, '1', 1, '2016-03-16'),
(59, '2', 1, '2016-03-16'),
(60, '3', 2, '2016-03-16'),
(61, '4', 2, '2016-03-16'),
(62, '1', 1, '2016-03-16'),
(63, '2', 1, '2016-03-16'),
(64, '3', 2, '2016-03-16'),
(65, '4', 2, '2016-03-16'),
(66, '1', 1, '2016-03-16'),
(67, '23', 1, '2016-03-16'),
(68, '2', 2, '2016-03-16'),
(69, '3', 2, '2016-03-16'),
(70, '1', 1, '2016-03-16'),
(71, '2', 1, '2016-03-16'),
(72, '3', 2, '2016-03-16'),
(73, '4', 2, '2016-03-16'),
(74, '1', 1, '2016-03-16'),
(75, '2', 1, '2016-03-16'),
(76, '3', 2, '2016-03-16'),
(77, '4', 2, '2016-03-16'),
(78, '1', 1, '2016-03-16'),
(79, '2', 1, '2016-03-16'),
(80, '3', 2, '2016-03-16'),
(81, '4', 2, '2016-03-16'),
(82, '1', 1, '2016-03-16'),
(83, '2', 1, '2016-03-16'),
(84, '3', 2, '2016-03-16'),
(85, '4', 2, '2016-03-16'),
(86, '1', 1, '2016-03-16'),
(87, '2', 1, '2016-03-16'),
(88, '3', 2, '2016-03-16'),
(89, '4', 2, '2016-03-16'),
(90, '1', 1, '2016-03-16'),
(91, '2', 1, '2016-03-16'),
(92, '3', 2, '2016-03-16'),
(93, '4', 2, '2016-03-16'),
(94, '1', 1, '2016-03-16'),
(95, '2', 1, '2016-03-16'),
(96, '3', 2, '2016-03-16'),
(97, '4', 2, '2016-03-16'),
(98, '1', 1, '2016-03-16'),
(99, '2', 1, '2016-03-16'),
(100, '3', 2, '2016-03-16'),
(101, '4', 2, '2016-03-16'),
(102, '1', 1, '2016-03-16'),
(103, '2', 1, '2016-03-16'),
(104, '3', 2, '2016-03-16'),
(105, '4', 2, '2016-03-16'),
(106, '1', 1, '2016-03-16'),
(107, '2', 1, '2016-03-16'),
(108, '3', 2, '2016-03-16'),
(109, '4', 2, '2016-03-16');

-- --------------------------------------------------------

--
-- Structure de la table `liste_test`
--

CREATE TABLE IF NOT EXISTS `liste_test` (
  `id` int(11) NOT NULL AUTO_INCREMENT,
  `nom` text NOT NULL,
  `id_etape` int(11) NOT NULL,
  PRIMARY KEY (`id`)
) ENGINE=InnoDB DEFAULT CHARSET=latin1 AUTO_INCREMENT=1 ;

-- --------------------------------------------------------

--
-- Structure de la table `lot`
--

CREATE TABLE IF NOT EXISTS `lot` (
  `id` int(11) NOT NULL AUTO_INCREMENT,
  `id_nomenclature` int(11) NOT NULL,
  `date_prod` date NOT NULL,
  `date_test` date NOT NULL,
  PRIMARY KEY (`id`)
) ENGINE=InnoDB  DEFAULT CHARSET=latin1 AUTO_INCREMENT=10 ;

--
-- Contenu de la table `lot`
--

INSERT INTO `lot` (`id`, `id_nomenclature`, `date_prod`, `date_test`) VALUES
(2, 4, '2015-12-08', '2015-12-23'),
(3, 4, '2015-12-10', '2015-12-23'),
(4, 2, '2015-12-23', '2015-12-23'),
(5, 4, '2015-12-23', '2015-12-23'),
(6, 2, '2015-12-24', '2015-12-24'),
(7, 2, '2016-03-15', '2016-03-15'),
(8, 4, '2015-12-22', '2016-03-15'),
(9, 4, '2015-12-22', '2016-03-15');

-- --------------------------------------------------------

--
-- Structure de la table `moq`
--

CREATE TABLE IF NOT EXISTS `moq` (
  `id` int(11) NOT NULL AUTO_INCREMENT,
  `id_composant` int(11) NOT NULL,
  `id_fournisseur` int(11) NOT NULL,
  `ref` text NOT NULL,
  `moq` int(11) NOT NULL,
  PRIMARY KEY (`id`)
) ENGINE=InnoDB  DEFAULT CHARSET=latin1 AUTO_INCREMENT=9 ;

--
-- Contenu de la table `moq`
--

INSERT INTO `moq` (`id`, `id_composant`, `id_fournisseur`, `ref`, `moq`) VALUES
(1, 1, 1, '123', 1000),
(2, 1, 1, '1234', 2000),
(3, 5, 2, '77777', 1000),
(4, 1, 1, 'uyfjk', 5000),
(5, 2, 1, 'hgjghf', 1000),
(6, 2, 1, 'uykjuyg', 200),
(7, 3, 2, 'fghfdgh', 10000),
(8, 2, 2, '12345', 200);

-- --------------------------------------------------------

--
-- Structure de la table `nomenclature`
--

CREATE TABLE IF NOT EXISTS `nomenclature` (
  `id` int(11) NOT NULL AUTO_INCREMENT,
  `nom` varchar(250) DEFAULT NULL,
  PRIMARY KEY (`id`)
) ENGINE=InnoDB  DEFAULT CHARSET=latin1 AUTO_INCREMENT=7 ;

--
-- Contenu de la table `nomenclature`
--

INSERT INTO `nomenclature` (`id`, `nom`) VALUES
(1, '7201-U'),
(2, '7701-U'),
(3, 'tesdt'),
(4, 'test'),
(5, '7708-BT'),
(6, 'test21');

-- --------------------------------------------------------

--
-- Structure de la table `pret`
--

CREATE TABLE IF NOT EXISTS `pret` (
  `id` int(11) NOT NULL AUTO_INCREMENT,
  `num_serie` varchar(250) NOT NULL,
  `date_envoi` date NOT NULL,
  `etat` int(11) NOT NULL,
  PRIMARY KEY (`id`)
) ENGINE=InnoDB DEFAULT CHARSET=latin1 AUTO_INCREMENT=1 ;

-- --------------------------------------------------------

--
-- Structure de la table `production`
--

CREATE TABLE IF NOT EXISTS `production` (
  `id` int(11) NOT NULL AUTO_INCREMENT,
  `id_lieu` int(3) NOT NULL,
  `id_nomenclature` int(3) NOT NULL,
  `quantite` int(5) NOT NULL,
  `etape` int(1) NOT NULL,
  `date_prod` date NOT NULL,
  `composant_utilise` text,
  PRIMARY KEY (`id`),
  KEY `id_lieu` (`id_lieu`)
) ENGINE=InnoDB  DEFAULT CHARSET=latin1 AUTO_INCREMENT=117 ;

--
-- Contenu de la table `production`
--

INSERT INTO `production` (`id`, `id_lieu`, `id_nomenclature`, `quantite`, `etape`, `date_prod`, `composant_utilise`) VALUES
(41, 0, 4, 20, 2, '2015-12-22', NULL),
(43, 0, 3, 67, 2, '2015-12-22', NULL),
(44, 0, 3, 33, 2, '2015-12-22', NULL),
(45, 1, 3, 10, 2, '2015-12-23', '2,3'),
(46, 1, 3, 10, 2, '2015-12-23', '2,3'),
(47, 0, 3, 10, 2, '2015-12-23', NULL),
(49, 0, 3, 118, 2, '2015-12-23', NULL),
(71, 0, 4, 5, 2, '2016-01-08', NULL),
(91, 0, 8, 100, 2, '2016-03-03', NULL),
(92, 0, 8, 100, 2, '2016-03-03', NULL),
(109, 2, 8, 2000, 2, '2016-03-15', '2,5'),
(110, 1, 8, 100, 2, '2016-03-15', '2,5'),
(111, 1, 4, 2000, 2, '2016-03-15', '1,3'),
(112, 1, 8, 2000, 2, '2016-03-15', '2,5'),
(113, 1, 4, 2000, 2, '2016-03-15', '1,3'),
(114, 2, 4, 2000, 2, '2016-03-15', '1,3'),
(115, 2, 14, 2000, 2, '2016-03-15', '1,2,3'),
(116, 0, 14, 1000, 2, '2016-03-15', NULL);

-- --------------------------------------------------------

--
-- Structure de la table `produit_fini_nomenclature`
--

CREATE TABLE IF NOT EXISTS `produit_fini_nomenclature` (
  `id` int(10) NOT NULL AUTO_INCREMENT,
  `id_version` int(10) NOT NULL,
  `id_composant` int(10) NOT NULL,
  `quantite` int(1) NOT NULL,
  PRIMARY KEY (`id`)
) ENGINE=InnoDB  DEFAULT CHARSET=latin1 AUTO_INCREMENT=7 ;

--
-- Contenu de la table `produit_fini_nomenclature`
--

INSERT INTO `produit_fini_nomenclature` (`id`, `id_version`, `id_composant`, `quantite`) VALUES
(3, 8, 9, 1),
(6, 13, 9, 10);

-- --------------------------------------------------------

--
-- Structure de la table `sav`
--

CREATE TABLE IF NOT EXISTS `sav` (
  `id` int(11) NOT NULL AUTO_INCREMENT,
  `num_serie` varchar(250) NOT NULL,
  `etape` int(11) DEFAULT NULL,
  `etat` int(11) NOT NULL,
  `date_reception` date NOT NULL,
  `date_renvoi` date NOT NULL,
  `commentaire` text,
  PRIMARY KEY (`id`)
) ENGINE=InnoDB DEFAULT CHARSET=latin1 AUTO_INCREMENT=1 ;

-- --------------------------------------------------------

--
-- Structure de la table `sous_famille`
--

CREATE TABLE IF NOT EXISTS `sous_famille` (
  `id` int(3) NOT NULL AUTO_INCREMENT,
  `id_famille` int(3) NOT NULL,
  `nom` varchar(150) NOT NULL,
  PRIMARY KEY (`id`),
  KEY `sous_famille` (`id_famille`)
) ENGINE=InnoDB  DEFAULT CHARSET=latin1 AUTO_INCREMENT=16 ;

--
-- Contenu de la table `sous_famille`
--

INSERT INTO `sous_famille` (`id`, `id_famille`, `nom`) VALUES
(1, 1, 'Resistance'),
(2, 1, 'Capa'),
(3, 2, 'sous famille2'),
(4, 1, 'sous famille3'),
(6, 1, 'test'),
(7, 1, 'test3'),
(8, 3, 'avant'),
(10, 2, 'test'),
(11, 2, 'test1'),
(12, 2, 'test'),
(13, 2, 'regrge'),
(14, 4, 'test accessoire'),
(15, 1, '1');

-- --------------------------------------------------------

--
-- Structure de la table `sous_traitant`
--

CREATE TABLE IF NOT EXISTS `sous_traitant` (
  `id` int(11) NOT NULL AUTO_INCREMENT,
  `nom` varchar(100) NOT NULL,
  PRIMARY KEY (`id`)
) ENGINE=InnoDB  DEFAULT CHARSET=latin1 AUTO_INCREMENT=3 ;

--
-- Contenu de la table `sous_traitant`
--

INSERT INTO `sous_traitant` (`id`, `nom`) VALUES
(0, 'Idcapt'),
(1, 'SFEI'),
(2, 'sous-traitant 2');

-- --------------------------------------------------------

--
-- Structure de la table `sous_type_badge`
--

CREATE TABLE IF NOT EXISTS `sous_type_badge` (
  `id` int(10) NOT NULL AUTO_INCREMENT,
  `nom` varchar(250) NOT NULL,
  PRIMARY KEY (`id`)
) ENGINE=InnoDB  DEFAULT CHARSET=latin1 AUTO_INCREMENT=9 ;

--
-- Contenu de la table `sous_type_badge`
--

INSERT INTO `sous_type_badge` (`id`, `nom`) VALUES
(1, 'Badge PVC'),
(2, 'Badge clamshell'),
(3, 'Mini badge'),
(4, 'Tag Clear Disk'),
(5, 'Porte clés'),
(6, 'Etiquette'),
(7, 'Tag montre'),
(8, 'Bracelet jetable');

-- --------------------------------------------------------

--
-- Structure de la table `sous_type_lecteur`
--

CREATE TABLE IF NOT EXISTS `sous_type_lecteur` (
  `id` int(11) NOT NULL AUTO_INCREMENT,
  `nom` varchar(250) NOT NULL,
  PRIMARY KEY (`id`)
) ENGINE=InnoDB  DEFAULT CHARSET=latin1 AUTO_INCREMENT=9 ;

--
-- Contenu de la table `sous_type_lecteur`
--

INSERT INTO `sous_type_lecteur` (`id`, `nom`) VALUES
(1, 'Lecteur de bureau'),
(2, 'Lecteur OEM'),
(3, 'Lecteur mobile'),
(4, 'Lecteur mural encastré'),
(5, 'Lecteur mural boitier'),
(6, 'Lecteur mural boitier large'),
(7, 'Terminal lecteur'),
(8, 'Lecteur longue distance');

-- --------------------------------------------------------

--
-- Structure de la table `test_nomenclature`
--

CREATE TABLE IF NOT EXISTS `test_nomenclature` (
  `id` int(11) NOT NULL AUTO_INCREMENT,
  `id_nomenclature` int(11) NOT NULL,
  `id_liste_test` int(11) NOT NULL,
  PRIMARY KEY (`id`)
) ENGINE=InnoDB DEFAULT CHARSET=latin1 AUTO_INCREMENT=1 ;

-- --------------------------------------------------------

--
-- Structure de la table `type_autre`
--

CREATE TABLE IF NOT EXISTS `type_autre` (
  `id` int(10) NOT NULL AUTO_INCREMENT,
  `nom` varchar(100) NOT NULL,
  PRIMARY KEY (`id`)
) ENGINE=InnoDB  DEFAULT CHARSET=latin1 AUTO_INCREMENT=3 ;

--
-- Contenu de la table `type_autre`
--

INSERT INTO `type_autre` (`id`, `nom`) VALUES
(1, 'Imprimante'),
(2, 'Tablette');

-- --------------------------------------------------------

--
-- Structure de la table `type_badge`
--

CREATE TABLE IF NOT EXISTS `type_badge` (
  `id` int(11) NOT NULL AUTO_INCREMENT,
  `reference` varchar(100) NOT NULL,
  `designation` text NOT NULL,
  `quantite` int(10) NOT NULL,
  `frequence` int(2) NOT NULL,
  `type` int(11) NOT NULL,
  PRIMARY KEY (`id`)
) ENGINE=InnoDB  DEFAULT CHARSET=latin1 AUTO_INCREMENT=6 ;

--
-- Contenu de la table `type_badge`
--

INSERT INTO `type_badge` (`id`, `reference`, `designation`, `quantite`, `frequence`, `type`) VALUES
(1, 'BG125001', 'Badge PVC blanc Chip 125 KHz EMxx', 1100, 2, 1),
(2, 'BG125002', 'Badge PVC Format ISO Chip 125 KHz ATA55xx encodable', 8020, 2, 1),
(3, 'BG1356001', 'Badge PVC format ISO 13,56MHz - ISO14443A - 1Ko', 4000, 1, 1),
(4, 'BG1356003', 'Badge format ISO Mifare Ultralight - 13.56 MHz - ISO14443A', 200, 1, 1),
(5, 'BG1356MDFG', 'TEST', 0, 1, 2);

-- --------------------------------------------------------

--
-- Structure de la table `type_lecteur`
--

CREATE TABLE IF NOT EXISTS `type_lecteur` (
  `id` int(11) NOT NULL AUTO_INCREMENT,
  `id_nomenclature` int(10) NOT NULL,
  `designation` text NOT NULL,
  `frequence` int(2) NOT NULL,
  `type` int(2) NOT NULL,
  `petite` int(2) NOT NULL,
  `moyenne` int(2) NOT NULL,
  `grande` int(2) NOT NULL,
  PRIMARY KEY (`id`)
) ENGINE=InnoDB  DEFAULT CHARSET=latin1 AUTO_INCREMENT=4 ;

--
-- Contenu de la table `type_lecteur`
--

INSERT INTO `type_lecteur` (`id`, `id_nomenclature`, `designation`, `frequence`, `type`, `petite`, `moyenne`, `grande`) VALUES
(1, 1, 'Lecteur USB 13,56MHz	', 1, 1, 0, 0, 0),
(2, 2, 'Lecteur Autonome 13,56MHz avec Afficheur/Memoire/Horloge - Synchronisation par USB', 1, 2, 0, 0, 0),
(3, 4, 'fghfgdhfhgsretgreh', 2, 4, 0, 0, 0);

-- --------------------------------------------------------

--
-- Structure de la table `type_lecteur_autre`
--

CREATE TABLE IF NOT EXISTS `type_lecteur_autre` (
  `id` int(11) NOT NULL AUTO_INCREMENT,
  `reference` varchar(250) NOT NULL,
  `designation` text NOT NULL,
  `frequence` int(2) NOT NULL,
  `type` int(2) NOT NULL,
  `id_fournisseur` int(11) NOT NULL,
  `petite` int(2) NOT NULL,
  `moyenne` int(2) NOT NULL,
  `grande` int(2) NOT NULL,
  PRIMARY KEY (`id`)
) ENGINE=InnoDB  DEFAULT CHARSET=latin1 AUTO_INCREMENT=4 ;

--
-- Contenu de la table `type_lecteur_autre`
--

INSERT INTO `type_lecteur_autre` (`id`, `reference`, `designation`, `frequence`, `type`, `id_fournisseur`, `petite`, `moyenne`, `grande`) VALUES
(1, '3300AT-2', 'Lecteur OEM 13,56MHz ISO14443A - I/F RS232/Wiegand/Clock&Data - Antenne déportable', 1, 1, 6, 0, 0, 0),
(2, '5600-2-1F', 'Lecteur RS232 W26 C&D I/F, ISO14443A Mifare Secure Sector', 1, 3, 6, 0, 0, 0),
(3, 'nhdsgfnjdfg', 'hgfdhgfdhfd', 1, 2, 8, 0, 0, 0);

-- --------------------------------------------------------

--
-- Structure de la table `type_produit`
--

CREATE TABLE IF NOT EXISTS `type_produit` (
  `id` int(3) NOT NULL AUTO_INCREMENT,
  `nom` varchar(100) NOT NULL,
  PRIMARY KEY (`id`)
) ENGINE=InnoDB  DEFAULT CHARSET=latin1 AUTO_INCREMENT=5 ;

--
-- Contenu de la table `type_produit`
--

INSERT INTO `type_produit` (`id`, `nom`) VALUES
(1, 'Matière première'),
(2, 'Identifiant'),
(3, 'Lecteur'),
(4, 'Autre PF');

-- --------------------------------------------------------

--
-- Structure de la table `version_nomenclature`
--

CREATE TABLE IF NOT EXISTS `version_nomenclature` (
  `id` int(10) NOT NULL AUTO_INCREMENT,
  `id_nomenclature` int(10) NOT NULL,
  `version` int(10) NOT NULL,
  PRIMARY KEY (`id`)
) ENGINE=InnoDB  DEFAULT CHARSET=latin1 AUTO_INCREMENT=15 ;

--
-- Contenu de la table `version_nomenclature`
--

INSERT INTO `version_nomenclature` (`id`, `id_nomenclature`, `version`) VALUES
(1, 1, 3),
(2, 1, 2),
(3, 1, 4),
(4, 2, 2),
(5, 1, 1),
(6, 2, 1),
(7, 4, 1),
(8, 4, 2),
(9, 1, 5),
(10, 5, 1),
(11, 5, 2),
(12, 6, 1),
(13, 6, 2),
(14, 4, 3);

/*!40101 SET CHARACTER_SET_CLIENT=@OLD_CHARACTER_SET_CLIENT */;
/*!40101 SET CHARACTER_SET_RESULTS=@OLD_CHARACTER_SET_RESULTS */;
/*!40101 SET COLLATION_CONNECTION=@OLD_COLLATION_CONNECTION */;
